interval_num,interval_len,lineup,minutes,rel_PM_p40,PM_p40,o_poss,d_poss,plus_minus,net_rtg,off_rtg,def_rtg,poss_total,rel_net_rtg,team_minutes,team_plus_minus,team_pts_for,team_pts_against,team_o_poss,team_d_poss,team_poss_total,team_off_rtg,team_def_rtg,team_net_rtg,team_PM_p40,interval_start,interval_end,pts_for,pts_against,net_pts,o_eFG%,d_eFG%,o_TOV%,d_TOV%,o_orbR,d_orbR,o_ftaR,d_ftaR,rel_off_rtg,rel_def_rtg
1,4,JL-AM-IK-MH-CH,32.862,2.934,2.434,56.592,50.19,2,-5.481,74.216,79.697,106.782,-4.445,160.0,-2.0,263.0,265.0,271.753,270.92,542.673,96.779,97.815,-1.036,-0.5,251205,251221,42,40,2,0.316,0.414,0.194,0.239,0.159,0.06,0.327,0.457,-22.563,-18.118
1,4,JL-AM-AC-MH-CH,9.39,-12.28,-12.78,16.19,17.73,-3,-7.8,105.003,112.803,33.92,-6.764,160.0,-2.0,263.0,265.0,271.753,270.92,542.673,96.779,97.815,-1.036,-0.5,251205,251221,17,20,-3,0.429,0.65,0.185,0.226,0.247,0.113,0.429,1.2,8.224,14.988
1,4,JL-AC-IK-MH-CH,9.3,0.5,0.0,14.92,15.92,0,8.42,134.048,125.628,30.84,9.456,160.0,-2.0,263.0,265.0,271.753,270.92,542.673,96.779,97.815,-1.036,-0.5,251205,251221,20,20,0,0.406,0.531,0.0,0.188,0.268,0.251,0.5,0.188,37.269,27.813
1,4,AM-IK-ZO-MH-CH,8.533,-8.875,-9.375,11.53,13.06,-2,-4.137,95.403,99.541,24.59,-3.101,160.0,-2.0,263.0,265.0,271.753,270.92,542.673,96.779,97.815,-1.036,-0.5,251205,251221,11,13,-2,0.5,0.462,0.087,0.077,0.173,0.153,0.4,0.231,-1.376,1.726
1,4,AM-AC-ZO-MH-CH,8.1,-29.13,-29.63,10.79,14.59,-6,-21.813,74.143,95.956,25.38,-20.777,160.0,-2.0,263.0,265.0,271.753,270.92,542.673,96.779,97.815,-1.036,-0.5,251205,251221,8,14,-6,0.333,0.429,0.185,0.206,0.278,0.206,0.0,0.143,-22.636,-1.859
1,4,JL-IK-ZO-MH-CH,7.548,53.492,52.992,17.395,16.2,10,51.551,137.971,86.42,33.595,52.587,160.0,-2.0,263.0,265.0,271.753,270.92,542.673,96.779,97.815,-1.036,-0.5,251205,251221,24,14,10,0.731,0.643,0.115,0.37,0.172,0.0,0.769,1.143,41.192,-11.395
1,4,JL-AM-IK-MH-PR,6.852,35.528,35.028,12.682,9.8,6,26.444,118.281,91.837,22.482,27.48,160.0,-2.0,263.0,265.0,271.753,270.92,542.673,96.779,97.815,-1.036,-0.5,251205,251221,15,9,6,0.5,0.583,0.158,0.306,0.237,0.0,0.455,0.333,21.502,-5.978
1,4,AC-IK-ZO-MH-CH,6.183,26.376,25.876,10.93,10.86,4,36.125,109.79,73.665,21.79,37.161,160.0,-2.0,263.0,265.0,271.753,270.92,542.673,96.779,97.815,-1.036,-0.5,251205,251221,12,8,4,0.545,0.667,0.091,0.645,0.091,0.184,0.0,0.0,13.011,-24.15
1,4,JL-AM-IK-PR-CH,6.048,-45.794,-46.294,9.26,11.6,-7,-49.453,53.996,103.448,20.86,-48.417,160.0,-2.0,263.0,265.0,271.753,270.92,542.673,96.779,97.815,-1.036,-0.5,251205,251221,5,12,-7,0.0,0.562,0.324,0.172,0.216,0.0,1.0,0.5,-42.783,5.633
1,4,JL-AM-IK-KJ-CH,4.167,-18.7,-19.2,6.0,8.4,-2,-4.762,66.667,71.429,14.4,-3.726,160.0,-2.0,263.0,265.0,271.753,270.92,542.673,96.779,97.815,-1.036,-0.5,251205,251221,4,6,-2,0.4,0.625,0.167,0.476,0.0,0.0,0.0,0.25,-30.112,-26.386
1,4,JL-AC-ZO-PR-CH,3.973,-49.836,-50.336,5.0,5.0,-5,-100.0,100.0,200.0,10.0,-98.964,160.0,-2.0,263.0,265.0,271.753,270.92,542.673,96.779,97.815,-1.036,-0.5,251205,251221,5,10,-5,0.833,1.25,0.4,0.2,0.0,0.0,0.0,0.0,3.221,102.185
1,4,JL-AM-AC-KJ-PR,3.617,44.74,44.24,5.8,5.93,4,71.233,172.414,101.18,11.73,72.269,160.0,-2.0,263.0,265.0,271.753,270.92,542.673,96.779,97.815,-1.036,-0.5,251205,251221,10,6,4,1.125,0.5,0.172,0.169,0.0,0.169,0.5,0.0,75.635,3.366
1,4,AM-IK-ZO-PR-CH,3.217,-36.806,-37.306,5.93,8.4,-3,-25.797,33.727,59.524,14.33,-24.761,160.0,-2.0,263.0,265.0,271.753,270.92,542.673,96.779,97.815,-1.036,-0.5,251205,251221,2,5,-3,0.2,0.4,0.337,0.357,0.169,0.0,0.0,0.2,-63.052,-38.291
1,4,AM-AC-ZO-KJ-CH,2.983,-93.355,-93.855,4.79,5.73,-7,-108.465,83.507,191.972,10.52,-107.429,160.0,-2.0,263.0,265.0,271.753,270.92,542.673,96.779,97.815,-1.036,-0.5,251205,251221,4,11,-7,0.25,1.125,0.0,0.349,0.626,0.175,0.0,0.5,-13.272,94.157
1,4,AM-IK-ZO-MH-PR,2.95,-26.619,-27.119,3.93,3.86,-2,-52.736,50.891,103.627,7.79,-51.7,160.0,-2.0,263.0,265.0,271.753,270.92,542.673,96.779,97.815,-1.036,-0.5,251205,251221,2,4,-2,0.25,0.333,0.254,0.0,0.254,0.518,0.0,0.0,-45.888,5.812
1,4,AM-AC-ZO-MH-PR,2.6,31.269,30.769,4.0,4.395,2,54.494,100.0,45.506,8.395,55.53,160.0,-2.0,263.0,265.0,271.753,270.92,542.673,96.779,97.815,-1.036,-0.5,251205,251221,4,2,2,0.667,0.25,0.25,0.455,0.0,0.228,0.0,0.0,3.221,-52.309
1,4,JL-AC-IK-KJ-CH,2.417,-32.603,-33.103,2.66,4.0,-2,-24.812,75.188,100.0,6.66,-23.776,160.0,-2.0,263.0,265.0,271.753,270.92,542.673,96.779,97.815,-1.036,-0.5,251205,251221,2,4,-2,0.0,1.0,0.376,0.5,0.752,0.0,0.667,0.0,-21.591,2.185
1,4,JL-AM-ZO-PR-CH,2.348,68.633,68.133,2.86,2.0,4,94.755,244.755,150.0,4.86,95.791,160.0,-2.0,263.0,265.0,271.753,270.92,542.673,96.779,97.815,-1.036,-0.5,251205,251221,7,3,4,0.7,0.75,0.0,0.0,0.699,0.0,0.0,0.0,147.976,52.185
1,4,JL-AC-ZO-MH-CH,2.3,70.065,69.565,5.8,3.8,4,41.742,120.69,78.947,9.6,42.778,160.0,-2.0,263.0,265.0,271.753,270.92,542.673,96.779,97.815,-1.036,-0.5,251205,251221,7,3,4,0.75,1.0,0.172,0.526,0.0,0.0,0.5,2.0,23.911,-18.867
1,4,JL-AC-ZO-KJ-PR,2.15,-36.709,-37.209,3.86,3.53,-2,-56.657,0.0,56.657,7.39,-55.621,160.0,-2.0,263.0,265.0,271.753,270.92,542.673,96.779,97.815,-1.036,-0.5,251205,251221,0,2,-2,0.0,0.0,0.518,0.283,0.518,0.283,0.0,2.0,-96.779,-41.158
1,4,AC-IK-ZO-KJ-CH,2.1,-18.548,-19.048,4.73,4.0,-1,-40.433,84.567,125.0,8.73,-39.397,160.0,-2.0,263.0,265.0,271.753,270.92,542.673,96.779,97.815,-1.036,-0.5,251205,251221,4,5,-1,0.667,1.25,0.423,0.5,0.423,0.0,0.667,0.0,-12.212,27.185
1,4,JL-AM-ZO-MH-CH,2.017,-19.335,-19.835,2.73,3.0,-1,-30.037,36.63,66.667,5.73,-29.001,160.0,-2.0,263.0,265.0,271.753,270.92,542.673,96.779,97.815,-1.036,-0.5,251205,251221,1,2,-1,0.0,0.5,0.366,0.333,0.366,0.0,1.0,0.0,-60.149,-31.148
1,4,JL-AM-IK-KJ-PR,1.967,0.5,0.0,3.86,3.0,0,-29.706,103.627,133.333,6.86,-28.67,160.0,-2.0,263.0,265.0,271.753,270.92,542.673,96.779,97.815,-1.036,-0.5,251205,251221,4,4,0,0.4,1.0,0.259,0.333,0.518,0.0,0.0,0.0,6.848,35.518
1,4,JL-AM-AC-MH-PR,1.9,63.658,63.158,3.8,3.8,3,78.947,210.526,131.579,7.6,79.983,160.0,-2.0,263.0,265.0,271.753,270.92,542.673,96.779,97.815,-1.036,-0.5,251205,251221,8,5,3,1.0,1.0,0.0,0.263,0.0,0.0,0.667,1.0,113.747,33.764
1,4,AM-AC-IK-MH-CH,1.817,-65.555,-66.055,3.8,2.8,-3,-116.541,26.316,142.857,6.6,-115.505,160.0,-2.0,263.0,265.0,271.753,270.92,542.673,96.779,97.815,-1.036,-0.5,251205,251221,1,4,-3,0.0,1.5,0.263,0.357,0.0,0.0,1.0,2.0,-70.463,45.042
1,4,AM-IK-ZO-KJ-AM7,1.783,45.36,44.86,2.0,1.86,2,92.473,200.0,107.527,3.86,93.509,160.0,-2.0,263.0,265.0,271.753,270.92,542.673,96.779,97.815,-1.036,-0.5,251205,251221,4,2,2,1.0,0.25,0.0,0.0,0.0,1.075,0.0,0.0,103.221,9.712
1,4,AM-IK-ZO-KJ-CH,1.733,0.5,0.0,2.93,2.4,0,-30.148,136.519,166.667,5.33,-29.112,160.0,-2.0,263.0,265.0,271.753,270.92,542.673,96.779,97.815,-1.036,-0.5,251205,251221,4,4,0,0.667,1.0,0.341,0.0,0.341,0.0,0.0,0.5,39.74,68.852
1,4,JL-IK-ZO-MH-PR,1.717,-46.102,-46.602,4.0,3.8,-2,-52.632,0.0,52.632,7.8,-51.596,160.0,-2.0,263.0,265.0,271.753,270.92,542.673,96.779,97.815,-1.036,-0.5,251205,251221,0,2,-2,0.0,0.0,0.5,0.263,0.0,0.0,0.0,1.0,-96.779,-45.183
1,4,JL-AM-ZO-PR-AM7,1.633,0.5,0.0,4.087,4.0,0,-2.652,122.348,125.0,8.087,-1.616,160.0,-2.0,263.0,265.0,271.753,270.92,542.673,96.779,97.815,-1.036,-0.5,251205,251221,5,5,0,0.5,1.25,0.0,0.5,0.245,0.0,0.5,0.0,25.569,27.185
1,4,JL-AC-ZO-KJ-CH,1.467,82.318,81.818,4.865,3.0,3,-2.227,164.44,166.667,7.865,-1.191,160.0,-2.0,263.0,265.0,271.753,270.92,542.673,96.779,97.815,-1.036,-0.5,251205,251221,8,5,3,0.8,1.25,0.0,0.333,0.411,0.0,0.2,0.0,67.661,68.852
1,4,AC-IK-ZO-KJ-PR,1.383,87.247,86.747,3.2,2.8,3,84.821,156.25,71.429,6.0,85.857,160.0,-2.0,263.0,265.0,271.753,270.92,542.673,96.779,97.815,-1.036,-0.5,251205,251221,5,2,3,0.5,0.0,0.0,0.714,0.0,0.0,1.5,0.0,59.471,-26.386
1,4,JL-AM-AC-PR-CH,1.3,92.808,92.308,2.0,2.0,3,150.0,250.0,100.0,4.0,151.036,160.0,-2.0,263.0,265.0,271.753,270.92,542.673,96.779,97.815,-1.036,-0.5,251205,251221,5,2,3,1.25,0.5,0.0,0.0,0.0,0.0,0.0,0.0,153.221,2.185
1,4,MS-AM-IK-MH-PR,1.3,31.269,30.769,1.8,3.0,1,55.556,55.556,0.0,4.8,56.591,160.0,-2.0,263.0,265.0,271.753,270.92,542.673,96.779,97.815,-1.036,-0.5,251205,251221,1,0,1,0.0,0.0,0.0,0.0,0.0,0.0,2.0,0.0,-41.223,-97.815
1,4,AM-AC-IK-MH-PR,1.117,-35.321,-35.821,2.0,2.265,-1,-44.15,0.0,44.15,4.265,-43.114,160.0,-2.0,263.0,265.0,271.753,270.92,542.673,96.779,97.815,-1.036,-0.5,251205,251221,0,1,-1,0.0,0.0,0.0,0.442,0.0,0.442,0.0,2.0,-96.779,-53.665
1,4,MS-AC-ZO-MH-CH,1.1,0.5,0.0,2.33,1.0,0,-171.245,128.755,300.0,3.33,-170.209,160.0,-2.0,263.0,265.0,271.753,270.92,542.673,96.779,97.815,-1.036,-0.5,251205,251221,3,3,0,0.333,1.5,0.0,0.0,0.429,0.0,0.333,0.0,31.976,202.185
1,4,JL-AM-IK-PR-AM7,1.017,-78.189,-78.689,1.0,2.0,-2,-100.0,0.0,100.0,3.0,-98.964,160.0,-2.0,263.0,265.0,271.753,270.92,542.673,96.779,97.815,-1.036,-0.5,251205,251221,0,2,-2,0.0,0.5,1.0,0.0,0.0,0.0,0.0,0.0,-96.779,2.185
1,4,MS-AC-ZO-MH-AM7,0.95,-41.605,-42.105,1.8,2.4,-1,-13.889,111.111,125.0,4.2,-12.853,160.0,-2.0,263.0,265.0,271.753,270.92,542.673,96.779,97.815,-1.036,-0.5,251205,251221,2,3,-1,0.0,1.0,0.0,0.417,0.0,0.0,2.0,1.0,14.332,27.185
1,4,MS-AM-ZO-KJ-CH,0.933,86.214,85.714,0.93,1.0,2,215.054,215.054,0.0,1.93,216.09,160.0,-2.0,263.0,265.0,271.753,270.92,542.673,96.779,97.815,-1.036,-0.5,251205,251221,2,0,2,0.5,0.0,0.0,0.0,1.075,0.0,0.0,0.0,118.275,-97.815
1,4,JL-IK-ZO-KJ-PR,0.933,0.5,0.0,1.0,1.0,0,0.0,0.0,0.0,2.0,1.036,160.0,-2.0,263.0,265.0,271.753,270.92,542.673,96.779,97.815,-1.036,-0.5,251205,251221,0,0,0,0.0,0.0,1.0,0.0,0.0,0.0,0.0,0.0,-96.779,-97.815
1,4,MS-AM-ZO-MH-CH,0.817,-97.459,-97.959,1.0,2.0,-2,0.0,200.0,200.0,3.0,1.036,160.0,-2.0,263.0,265.0,271.753,270.92,542.673,96.779,97.815,-1.036,-0.5,251205,251221,2,4,-2,1.0,1.0,0.0,0.0,0.0,0.0,0.0,0.0,103.221,102.185
1,4,AM-IK-ZO-MH-AM7,0.752,0.5,0.0,1.8,1.0,0,0.0,0.0,0.0,2.8,1.036,160.0,-2.0,263.0,265.0,271.753,270.92,542.673,96.779,97.815,-1.036,-0.5,251205,251221,0,0,0,0.0,0.0,0.0,1.0,0.0,0.0,2.0,0.0,-96.779,-97.815
1,4,AM-AC-ZO-KJ-PR,0.742,0.5,0.0,1.0,0.8,0,0.0,0.0,0.0,1.8,1.036,160.0,-2.0,263.0,265.0,271.753,270.92,542.673,96.779,97.815,-1.036,-0.5,251205,251221,0,0,0,0.0,0.0,0.0,0.0,0.0,0.0,0.0,0.0,-96.779,-97.815
1,4,JL-AC-ZO-MH-PR,0.7,57.643,57.143,1.373,0.0,1,72.817,72.817,0.0,1.373,73.853,160.0,-2.0,263.0,265.0,271.753,270.92,542.673,96.779,97.815,-1.036,-0.5,251205,251221,1,0,1,0.0,0.0,0.0,0.0,1.456,0.0,1.0,0.0,-23.962,-97.815
1,4,JL-IK-ZO-PR-CH,0.617,0.5,0.0,0.0,0.0,0,0.0,0.0,0.0,0.0,1.036,160.0,-2.0,263.0,265.0,271.753,270.92,542.673,96.779,97.815,-1.036,-0.5,251205,251221,0,0,0,0.0,0.0,0.0,0.0,0.0,0.0,0.0,0.0,-96.779,-97.815
1,4,JL-AM-IK-MH-AM7,0.433,-91.808,-92.308,1.0,0.4,-1,-250.0,0.0,250.0,1.4,-248.964,160.0,-2.0,263.0,265.0,271.753,270.92,542.673,96.779,97.815,-1.036,-0.5,251205,251221,0,1,-1,0.0,0.0,1.0,0.0,0.0,0.0,0.0,0.0,-96.779,152.185
1,4,AM-AC-IK-ZO-MH,0.14,-285.214,-285.714,1.0,0.8,-1,-125.0,0.0,125.0,1.8,-123.964,160.0,-2.0,263.0,265.0,271.753,270.92,542.673,96.779,97.815,-1.036,-0.5,251205,251221,0,1,-1,0.0,0.0,0.0,0.0,0.0,0.0,0.0,0.0,-96.779,27.185
1,4,JL-AM-ZO-MH-PR,0.068,1171.232,1170.732,0.8,1.0,2,250.0,250.0,0.0,1.8,251.036,160.0,-2.0,263.0,265.0,271.753,270.92,542.673,96.779,97.815,-1.036,-0.5,251205,251221,2,0,2,0.0,0.0,0.0,0.0,0.0,0.0,0.0,0.0,153.221,-97.815
1,4,AM-AC-IK-PR-CH,0.027,0.5,0.0,0.0,0.0,0,0.0,0.0,0.0,0.0,1.036,160.0,-2.0,263.0,265.0,271.753,270.92,542.673,96.779,97.815,-1.036,-0.5,251205,251221,0,0,0,0.0,0.0,0.0,0.0,0.0,0.0,0.0,0.0,-96.779,-97.815
1,4,JL-AM-ZO-KJ-AM7,0.0,0.5,0.0,0.0,0.8,-2,-250.0,0.0,250.0,0.8,-248.964,160.0,-2.0,263.0,265.0,271.753,270.92,542.673,96.779,97.815,-1.036,-0.5,251205,251221,0,2,-2,0.0,0.0,0.0,0.0,0.0,0.0,0.0,0.0,-96.779,152.185
2,3,JL-AM-IK-MH-CH,21.967,13.619,16.388,31.05,30.98,9,28.774,122.383,93.609,62.03,22.934,129.998,9.0,239.0,230.0,213.838,217.131,430.97,111.767,105.927,5.84,2.769,251228,260102,38,29,9,0.597,0.452,0.161,0.194,0.161,0.194,0.032,0.032,10.617,-12.318
2,3,JL-AM-IK-MH-PR,12.728,28.657,31.426,23.488,25.581,10,51.631,153.268,101.637,49.07,45.791,129.998,9.0,239.0,230.0,213.838,217.131,430.97,111.767,105.927,5.84,2.769,251228,260102,36,26,10,0.421,0.5,0.128,0.156,0.298,0.195,1.158,0.154,41.501,-4.29
2,3,JL-AM-AC-MH-CH,10.798,12.048,14.817,19.32,18.093,4,13.685,124.224,110.538,37.413,7.845,129.998,9.0,239.0,230.0,213.838,217.131,430.97,111.767,105.927,5.84,2.769,251228,260102,24,20,4,0.441,0.5,0.155,0.332,0.207,0.332,0.529,0.467,12.457,4.611
2,3,JL-AM-ZO-MH-CH,7.283,-46.705,-43.936,12.59,17.05,-8,-19.911,103.257,123.167,29.64,-25.751,129.998,9.0,239.0,230.0,213.838,217.131,430.97,111.767,105.927,5.84,2.769,251228,260102,13,21,-8,0.458,0.469,0.238,0.235,0.238,0.293,0.167,0.375,-8.51,17.24
2,3,AM-AC-ZO-PR-CH,7.067,-19.75,-16.981,11.0,10.26,-3,-39.075,136.364,175.439,21.26,-44.915,129.998,9.0,239.0,230.0,213.838,217.131,430.97,111.767,105.927,5.84,2.769,251228,260102,15,18,-3,0.75,0.667,0.091,0.097,0.0,0.195,0.0,0.667,24.597,69.512
2,3,JL-AM-AC-MH-PR,5.562,-9.961,-7.192,10.66,7.477,-1,-41.333,65.666,106.999,18.137,-47.173,129.998,9.0,239.0,230.0,213.838,217.131,430.97,111.767,105.927,5.84,2.769,251228,260102,7,8,-1,0.273,0.444,0.094,0.267,0.188,0.535,0.182,0.111,-46.101,1.072
2,3,AM-AC-ZO-MH-CH,5.558,-2.769,0.0,10.06,7.8,0,-28.802,99.404,128.205,17.86,-34.642,129.998,9.0,239.0,230.0,213.838,217.131,430.97,111.767,105.927,5.84,2.769,251228,260102,10,10,0,0.5,0.9,0.199,0.256,0.199,0.0,0.333,0.4,-12.363,22.278
2,3,AM-AC-ZO-KJ-PR,4.733,-19.671,-16.901,4.93,7.93,-2,28.495,141.988,113.493,12.86,22.655,129.998,9.0,239.0,230.0,213.838,217.131,430.97,111.767,105.927,5.84,2.769,251228,260102,7,9,-2,0.583,0.643,0.0,0.252,0.203,0.126,0.0,0.0,30.221,7.566
2,3,AM-AC-ZO-MH-PR,4.367,70.513,73.282,6.93,8.0,8,128.95,216.45,87.5,14.93,123.11,129.998,9.0,239.0,230.0,213.838,217.131,430.97,111.767,105.927,5.84,2.769,251228,260102,15,7,8,0.938,0.7,0.0,0.375,0.144,0.0,0.0,0.0,104.684,-18.427
2,3,AM-AC-IK-PR-CH,3.983,17.314,20.084,6.8,6.93,2,30.239,73.529,43.29,13.73,24.399,129.998,9.0,239.0,230.0,213.838,217.131,430.97,111.767,105.927,5.84,2.769,251228,260102,5,3,2,0.833,0.214,0.441,0.144,0.0,0.144,0.667,0.0,-38.237,-62.637
2,3,JL-AC-ZO-MH-CH,3.78,-23.933,-21.164,6.0,8.13,-2,1.599,100.0,98.401,14.13,-4.241,129.998,9.0,239.0,230.0,213.838,217.131,430.97,111.767,105.927,5.84,2.769,251228,260102,6,8,-2,0.5,0.875,0.0,0.492,0.0,0.246,1.25,0.75,-11.767,-7.526
2,3,AM-IK-ZO-MH-PR,3.183,72.623,75.393,5.8,3.86,6,86.118,137.931,51.813,9.66,80.278,129.998,9.0,239.0,230.0,213.838,217.131,430.97,111.767,105.927,5.84,2.769,251228,260102,8,2,6,0.75,0.167,0.172,0.0,0.0,0.518,0.5,0.0,26.164,-54.113
2,3,JL-AC-ZO-KJ-CH,2.93,-30.073,-27.304,3.85,3.8,-2,-54.34,129.87,184.211,7.65,-60.18,129.998,9.0,239.0,230.0,213.838,217.131,430.97,111.767,105.927,5.84,2.769,251228,260102,5,7,-2,0.125,1.0,0.0,0.0,1.299,0.0,0.375,0.667,18.103,78.284
2,3,JL-AM-AC-KJ-CH,2.587,-2.769,0.0,5.99,5.0,0,-23.139,116.861,140.0,10.99,-28.979,129.998,9.0,239.0,230.0,213.838,217.131,430.97,111.767,105.927,5.84,2.769,251228,260102,7,7,0,0.286,0.875,0.167,0.2,0.501,0.0,0.429,0.0,5.095,34.073
2,3,AC-IK-ZO-MH-PR,2.567,-96.276,-93.506,5.93,4.93,-6,-128.545,33.727,162.272,10.86,-134.385,129.998,9.0,239.0,230.0,213.838,217.131,430.97,111.767,105.927,5.84,2.769,251228,260102,2,8,-6,0.2,0.8,0.337,0.203,0.169,0.203,0.0,0.0,-78.04,56.345
2,3,JL-AC-IK-MH-CH,2.463,-35.246,-32.476,4.86,4.0,-2,-50.0,0.0,50.0,8.86,-55.84,129.998,9.0,239.0,230.0,213.838,217.131,430.97,111.767,105.927,5.84,2.769,251228,260102,0,2,-2,0.0,0.333,0.823,0.25,0.412,0.0,0.0,0.0,-111.767,-55.927
2,3,AM-IK-ZO-MH-CH,2.45,-100.728,-97.959,4.0,5.93,-6,-84.907,50.0,134.907,9.93,-90.747,129.998,9.0,239.0,230.0,213.838,217.131,430.97,111.767,105.927,5.84,2.769,251228,260102,2,8,-6,0.25,0.667,0.0,0.169,0.0,0.169,0.0,0.0,-61.767,28.981
2,3,AM-AC-ZO-KJ-CH,2.382,-36.359,-33.59,4.13,4.53,-2,-31.322,145.278,176.6,8.66,-37.162,129.998,9.0,239.0,230.0,213.838,217.131,430.97,111.767,105.927,5.84,2.769,251228,260102,6,8,-2,0.5,0.667,0.242,0.221,0.242,0.221,1.0,1.333,33.512,70.674
2,3,JL-AM-AC-PR-CH,2.333,14.374,17.143,3.33,3.4,1,30.03,30.03,0.0,6.73,24.19,129.998,9.0,239.0,230.0,213.838,217.131,430.97,111.767,105.927,5.84,2.769,251228,260102,1,0,1,0.0,0.0,0.3,0.294,0.3,0.294,0.333,0.5,-81.737,-105.927
2,3,AM-AC-KJ-PR-CH,2.217,33.321,36.09,2.66,3.0,2,83.709,150.376,66.667,5.66,77.869,129.998,9.0,239.0,230.0,213.838,217.131,430.97,111.767,105.927,5.84,2.769,251228,260102,4,2,2,0.25,0.333,0.0,0.0,0.752,0.0,0.5,0.0,38.609,-39.26
2,3,AM-AC-IK-MH-CH,2.183,15.551,18.321,3.0,3.93,1,49.109,100.0,50.891,6.93,43.269,129.998,9.0,239.0,230.0,213.838,217.131,430.97,111.767,105.927,5.84,2.769,251228,260102,3,2,1,0.75,0.333,0.333,0.509,0.0,0.254,0.0,0.0,-11.767,-55.036
2,3,JL-AM-ZO-PR-CH,1.943,-64.519,-61.75,3.0,2.86,-3,-108.159,66.667,174.825,5.86,-113.999,129.998,9.0,239.0,230.0,213.838,217.131,430.97,111.767,105.927,5.84,2.769,251228,260102,2,5,-3,0.333,0.625,0.0,0.35,0.0,0.699,0.0,0.0,-45.1,68.898
2,3,AM-IK-ZO-KJ-CH,1.833,40.867,43.636,3.0,2.0,2,66.667,66.667,0.0,5.0,60.827,129.998,9.0,239.0,230.0,213.838,217.131,430.97,111.767,105.927,5.84,2.769,251228,260102,2,0,2,0.333,0.0,0.0,0.0,0.0,0.0,0.0,0.0,-45.1,-105.927
2,3,AM-IK-ZO-PR-CH,1.7,-49.828,-47.059,2.0,3.0,-2,-66.667,0.0,66.667,5.0,-72.507,129.998,9.0,239.0,230.0,213.838,217.131,430.97,111.767,105.927,5.84,2.769,251228,260102,0,2,-2,0.0,0.333,0.0,0.0,0.0,0.0,0.0,0.0,-111.767,-39.26
2,3,AM-AC-IK-KJ-CH,1.65,-123.981,-121.212,2.0,3.0,-5,-166.667,0.0,166.667,5.0,-172.507,129.998,9.0,239.0,230.0,213.838,217.131,430.97,111.767,105.927,5.84,2.769,251228,260102,0,5,-5,0.0,1.25,0.0,0.333,0.0,0.0,0.0,0.0,-111.767,60.74
2,3,AM-IK-ZO-KJ-PR,1.503,-2.769,0.0,0.93,1.93,0,111.427,215.054,103.627,2.86,105.587,129.998,9.0,239.0,230.0,213.838,217.131,430.97,111.767,105.927,5.84,2.769,251228,260102,2,2,0,0.5,0.333,0.0,0.0,1.075,0.518,0.0,0.0,103.287,-2.3
2,3,JL-AM-IK-PR-CH,1.383,-2.769,0.0,2.0,2.0,0,0.0,100.0,100.0,4.0,-5.84,129.998,9.0,239.0,230.0,213.838,217.131,430.97,111.767,105.927,5.84,2.769,251228,260102,2,2,0,0.5,1.0,0.0,0.5,0.0,0.0,0.0,0.0,-11.767,-5.927
2,3,JL-AC-IK-MH-PR,1.283,-2.769,0.0,3.8,3.0,0,-28.07,105.263,133.333,6.8,-33.91,129.998,9.0,239.0,230.0,213.838,217.131,430.97,111.767,105.927,5.84,2.769,251228,260102,4,4,0,1.0,1.0,0.526,0.333,0.0,0.0,2.0,0.0,-6.504,27.407
2,3,JL-AM-AC-KJ-PR,1.247,125.573,128.342,3.2,2.0,4,68.75,218.75,150.0,5.2,62.91,129.998,9.0,239.0,230.0,213.838,217.131,430.97,111.767,105.927,5.84,2.769,251228,260102,7,3,4,1.0,0.75,0.0,0.0,0.0,0.0,1.5,0.0,106.983,44.073
2,3,AM-ZO-MH-PR-CH,1.05,73.421,76.19,1.8,2.0,2,111.111,111.111,0.0,3.8,105.271,129.998,9.0,239.0,230.0,213.838,217.131,430.97,111.767,105.927,5.84,2.769,251228,260102,2,0,2,0.0,0.0,0.0,0.0,0.0,0.0,2.0,0.0,-0.656,-105.927
2,3,AC-IK-ZO-KJ-CH,0.967,79.989,82.759,3.0,2.0,2,66.667,66.667,0.0,5.0,60.827,129.998,9.0,239.0,230.0,213.838,217.131,430.97,111.767,105.927,5.84,2.769,251228,260102,2,0,2,0.333,0.0,0.0,1.0,0.0,0.0,0.0,0.0,-45.1,-105.927
2,3,AC-IK-ZO-KJ-PR,0.7,-2.769,0.0,1.0,-0.07,0,0.0,0.0,-0.0,0.93,-5.84,129.998,9.0,239.0,230.0,213.838,217.131,430.97,111.767,105.927,5.84,2.769,251228,260102,0,0,0,0.0,0.0,0.0,-0.0,0.0,-14.286,0.0,0.0,-111.767,-105.927
2,3,JL-AC-ZO-KJ-MH,0.6,-2.769,0.0,-0.07,1.0,0,-0.0,-0.0,0.0,0.93,-5.84,129.998,9.0,239.0,230.0,213.838,217.131,430.97,111.767,105.927,5.84,2.769,251228,260102,0,0,0,0.0,0.0,-0.0,0.0,-14.286,0.0,0.0,0.0,-111.767,-105.927
2,3,JL-AC-IK-KJ-PR,0.517,-2.769,0.0,0.8,1.0,0,0.0,0.0,0.0,1.8,-5.84,129.998,9.0,239.0,230.0,213.838,217.131,430.97,111.767,105.927,5.84,2.769,251228,260102,0,0,0,0.0,0.0,0.0,0.0,0.0,0.0,0.0,0.0,-111.767,-105.927
2,3,JL-AM-ZO-KJ-CH,0.5,-2.769,0.0,1.0,0.8,0,-50.0,200.0,250.0,1.8,-55.84,129.998,9.0,239.0,230.0,213.838,217.131,430.97,111.767,105.927,5.84,2.769,251228,260102,2,2,0,1.0,0.0,0.0,0.0,0.0,0.0,0.0,0.0,88.233,144.073
3,3,JL-AM-IK-MH-CH,41.777,10.601,12.447,64.773,60.975,13,13.723,121.964,108.241,125.748,14.34,130.0,6.0,220.0,214.0,208.105,201.255,409.36,105.716,106.333,-0.617,1.846,260104,260115,79,66,13,0.473,0.558,0.046,0.213,0.247,0.115,0.133,0.192,16.248,1.908
3,3,AM-AC-ZO-MH-PR,9.843,10.345,12.191,17.59,18.13,3,18.579,68.221,49.641,35.72,19.196,130.0,6.0,220.0,214.0,208.105,201.255,409.36,105.716,106.333,-0.617,1.846,260104,260115,12,9,3,0.115,0.2,0.171,0.331,0.171,0.055,0.923,0.8,-37.495,-56.691
3,3,JL-AC-IK-KJ-CH,7.09,-7.488,-5.642,11.59,11.8,-1,-6.478,112.166,118.644,23.39,-5.862,130.0,6.0,220.0,214.0,208.105,201.255,409.36,105.716,106.333,-0.617,1.846,260104,260115,13,14,-1,0.458,0.6,0.173,0.085,0.259,0.0,0.167,0.2,6.45,12.311
3,3,AM-IK-ZO-MH-CH,6.6,-13.967,-12.121,9.93,11.39,-2,-5.942,90.634,96.576,21.32,-5.325,130.0,6.0,220.0,214.0,208.105,201.255,409.36,105.716,106.333,-0.617,1.846,260104,260115,9,11,-2,0.643,0.4,0.403,0.263,0.101,0.263,0.0,0.4,-15.082,-9.757
3,3,AM-IK-ZO-MH-PR,4.95,14.315,16.162,10.0,8.8,2,7.727,110.0,102.273,18.8,8.344,130.0,6.0,220.0,214.0,208.105,201.255,409.36,105.716,106.333,-0.617,1.846,260104,260115,11,9,2,0.917,0.875,0.4,0.455,0.0,0.0,0.0,0.5,4.284,-4.06
3,3,JL-AM-IK-PR-CH,4.917,-18.117,-16.271,7.93,6.65,-2,-47.066,88.272,135.338,14.58,-46.449,130.0,6.0,220.0,214.0,208.105,201.255,409.36,105.716,106.333,-0.617,1.846,260104,260115,7,9,-2,0.438,0.45,0.126,0.301,0.126,0.752,0.0,0.0,-17.444,29.006
3,3,JL-AM-IK-MH-PR,4.89,-67.286,-65.44,6.59,6.6,-8,-121.097,75.873,196.97,13.19,-120.48,130.0,6.0,220.0,214.0,208.105,201.255,409.36,105.716,106.333,-0.617,1.846,260104,260115,5,13,-8,0.286,1.25,0.303,0.152,0.455,0.0,0.286,1.0,-29.843,90.637
3,3,AM-AC-ZO-KJ-PR,4.16,36.615,38.462,6.687,4.86,4,48.578,89.73,41.152,11.547,49.195,130.0,6.0,220.0,214.0,208.105,201.255,409.36,105.716,106.333,-0.617,1.846,260104,260115,6,2,4,0.6,0.2,0.299,0.412,0.15,0.412,0.2,0.0,-15.986,-65.18
3,3,JL-AC-IK-MH-PR,3.95,8.28,10.127,7.6,7.26,1,6.38,157.895,151.515,14.86,6.996,130.0,6.0,220.0,214.0,208.105,201.255,409.36,105.716,106.333,-0.617,1.846,260104,260115,12,11,1,0.9,0.625,0.132,0.138,0.0,0.275,0.8,0.125,52.179,45.182
3,3,AM-AC-ZO-MH-CH,3.922,-42.645,-40.799,6.73,8.13,-4,-31.289,104.012,135.301,14.86,-30.673,130.0,6.0,220.0,214.0,208.105,201.255,409.36,105.716,106.333,-0.617,1.846,260104,260115,7,11,-4,0.357,0.625,0.0,0.246,0.149,0.123,0.286,2.0,-1.704,28.969
3,3,AM-AC-IK-MH-CH,3.15,-27.243,-25.397,5.0,4.0,-2,-50.0,0.0,50.0,9.0,-49.383,130.0,6.0,220.0,214.0,208.105,201.255,409.36,105.716,106.333,-0.617,1.846,260104,260115,0,2,-2,0.0,0.25,0.2,0.0,0.0,0.0,0.0,0.0,-105.716,-56.333
3,3,JL-AC-IK-MH-CH,2.967,25.12,26.966,4.0,5.0,2,70.0,150.0,80.0,9.0,70.617,130.0,6.0,220.0,214.0,208.105,201.255,409.36,105.716,106.333,-0.617,1.846,260104,260115,6,4,2,1.0,0.667,0.25,0.4,0.0,0.0,0.0,0.0,44.284,-26.333
3,3,JL-AM-IK-KJ-CH,2.533,77.101,78.947,3.395,3.93,5,147.275,147.275,0.0,7.325,147.892,130.0,6.0,220.0,214.0,208.105,201.255,409.36,105.716,106.333,-0.617,1.846,260104,260115,5,0,5,0.5,0.0,0.0,0.0,0.295,0.254,0.0,0.0,41.559,-106.333
3,3,AM-IK-ZO-PR-CH,2.417,14.706,16.552,3.0,3.0,1,33.333,166.667,133.333,6.0,33.95,130.0,6.0,220.0,214.0,208.105,201.255,409.36,105.716,106.333,-0.617,1.846,260104,260115,5,4,1,0.833,1.0,0.0,0.333,0.0,0.0,0.0,0.0,60.951,27.001
3,3,JL-AM-AC-KJ-CH,2.35,-86.953,-85.106,2.86,3.0,-5,-163.403,69.93,233.333,5.86,-162.787,130.0,6.0,220.0,214.0,208.105,201.255,409.36,105.716,106.333,-0.617,1.846,260104,260115,2,7,-5,0.333,1.167,0.699,0.0,0.35,0.0,0.0,0.0,-35.786,127.001
3,3,MS-JL-AM-MH-CH,2.3,32.936,34.783,4.8,3.0,2,-8.333,125.0,133.333,7.8,-7.717,130.0,6.0,220.0,214.0,208.105,201.255,409.36,105.716,106.333,-0.617,1.846,260104,260115,6,4,2,0.667,0.667,0.208,0.0,0.0,0.0,0.667,0.0,19.284,27.001
3,3,JL-AM-IK-KJ-PR,2.267,-72.434,-70.588,2.93,4.0,-4,-81.741,68.259,150.0,6.93,-81.124,130.0,6.0,220.0,214.0,208.105,201.255,409.36,105.716,106.333,-0.617,1.846,260104,260115,2,6,-4,0.25,0.75,0.0,0.0,0.341,0.0,0.0,0.0,-37.457,43.667
3,3,MS-JL-AM-MH-PR,2.09,-78.401,-76.555,3.0,2.8,-4,-147.619,66.667,214.286,5.8,-147.002,130.0,6.0,220.0,214.0,208.105,201.255,409.36,105.716,106.333,-0.617,1.846,260104,260115,2,6,-4,0.333,1.0,0.0,0.0,0.0,0.0,0.0,1.0,-39.049,107.953
3,3,JL-IK-ZO-MH-PR,1.945,100.982,102.828,5.19,4.0,5,73.41,173.41,100.0,9.19,74.027,130.0,6.0,220.0,214.0,208.105,201.255,409.36,105.716,106.333,-0.617,1.846,260104,260115,9,4,5,0.643,1.0,0.193,0.5,0.771,0.0,0.143,0.0,67.694,-6.333
3,3,MS-AM-AC-KJ-PR,1.667,-1.846,0.0,2.0,3.0,0,0.0,0.0,0.0,5.0,0.617,130.0,6.0,220.0,214.0,208.105,201.255,409.36,105.716,106.333,-0.617,1.846,260104,260115,0,0,0,0.0,0.0,0.0,0.333,0.0,0.0,0.0,0.0,-105.716,-106.333
3,3,AM-IK-ZO-KJ-PR,1.567,-1.846,0.0,1.93,2.0,0,3.627,103.627,100.0,3.93,4.244,130.0,6.0,220.0,214.0,208.105,201.255,409.36,105.716,106.333,-0.617,1.846,260104,260115,2,2,0,0.5,0.5,0.518,0.0,0.518,0.0,0.0,0.0,-2.089,-6.333
3,3,JL-AM-ZO-MH-CH,1.517,50.901,52.747,3.6,2.93,2,23.796,194.444,170.648,6.53,24.413,130.0,6.0,220.0,214.0,208.105,201.255,409.36,105.716,106.333,-0.617,1.846,260104,260115,7,5,2,1.0,0.833,0.0,0.341,0.0,0.341,2.0,0.0,88.728,64.316
3,3,AC-IK-ZO-MH-CH,1.467,52.699,54.545,1.0,2.0,2,200.0,200.0,0.0,3.0,200.617,130.0,6.0,220.0,214.0,208.105,201.255,409.36,105.716,106.333,-0.617,1.846,260104,260115,2,0,2,1.0,0.0,0.0,0.0,0.0,0.0,0.0,0.0,94.284,-106.333
3,3,AM-AC-IK-KJ-PR,1.367,-1.846,0.0,2.0,2.0,0,0.0,100.0,100.0,4.0,0.617,130.0,6.0,220.0,214.0,208.105,201.255,409.36,105.716,106.333,-0.617,1.846,260104,260115,2,2,0,1.0,0.5,0.5,0.0,0.0,0.0,0.0,0.0,-5.716,-6.333
3,3,JL-AM-AC-MH-CH,1.3,-94.154,-92.308,1.93,2.6,-3,-115.385,0.0,115.385,4.53,-114.768,130.0,6.0,220.0,214.0,208.105,201.255,409.36,105.716,106.333,-0.617,1.846,260104,260115,0,3,-3,0.0,1.0,0.0,0.0,0.518,0.0,0.0,4.0,-105.716,9.052
3,3,JL-AC-IK-KJ-PR,1.1,-1.846,0.0,0.52,1.0,0,184.615,384.615,200.0,1.52,185.232,130.0,6.0,220.0,214.0,208.105,201.255,409.36,105.716,106.333,-0.617,1.846,260104,260115,2,2,0,0.0,1.0,0.0,0.0,7.692,0.0,0.5,0.0,278.899,93.667
3,3,AM-AC-ZO-MH-AM7,0.917,85.427,87.273,0.93,1.0,2,215.054,215.054,0.0,1.93,215.671,130.0,6.0,220.0,214.0,208.105,201.255,409.36,105.716,106.333,-0.617,1.846,260104,260115,2,0,2,0.5,0.0,0.0,0.0,1.075,0.0,0.0,0.0,109.338,-106.333
3,3,AM-IK-ZO-KJ-CH,0.833,-1.846,0.0,1.0,2.0,0,0.0,0.0,0.0,3.0,0.617,130.0,6.0,220.0,214.0,208.105,201.255,409.36,105.716,106.333,-0.617,1.846,260104,260115,0,0,0,0.0,0.0,0.0,0.0,0.0,0.0,0.0,0.0,-105.716,-106.333
3,3,AC-IK-ZO-KJ-PR,0.822,-99.209,-97.363,0.0,1.0,-2,-200.0,0.0,200.0,1.0,-199.383,130.0,6.0,220.0,214.0,208.105,201.255,409.36,105.716,106.333,-0.617,1.846,260104,260115,0,2,-2,0.0,1.0,0.0,0.0,0.0,0.0,0.0,0.0,-105.716,93.667
3,3,AM-ZO-MH-PR-CH,0.73,-1.846,0.0,2.0,0.0,0,0.0,0.0,0.0,2.0,0.617,130.0,6.0,220.0,214.0,208.105,201.255,409.36,105.716,106.333,-0.617,1.846,260104,260115,0,0,0,0.0,0.0,0.5,0.0,0.0,0.0,0.0,0.0,-105.716,-106.333
3,3,AM-AC-MH-PR-CH,0.602,-68.328,-66.482,1.8,1.8,-1,-55.556,55.556,111.111,3.6,-54.939,130.0,6.0,220.0,214.0,208.105,201.255,409.36,105.716,106.333,-0.617,1.846,260104,260115,1,2,-1,0.0,0.0,0.0,0.556,0.0,0.0,2.0,0.0,-50.16,4.778
3,3,JL-AM-AC-KJ-PR,0.517,-156.685,-154.839,1.0,0.8,-2,-250.0,0.0,250.0,1.8,-249.383,130.0,6.0,220.0,214.0,208.105,201.255,409.36,105.716,106.333,-0.617,1.846,260104,260115,0,2,-2,0.0,0.0,1.0,0.0,0.0,0.0,0.0,0.0,-105.716,143.667
3,3,AM-AC-IK-MH-PR,0.45,87.043,88.889,0.4,0.0,1,250.0,250.0,0.0,0.4,250.617,130.0,6.0,220.0,214.0,208.105,201.255,409.36,105.716,106.333,-0.617,1.846,260104,260115,1,0,1,0.0,0.0,0.0,0.0,0.0,0.0,0.0,0.0,144.284,-106.333
3,3,AM-AC-KJ-MH-CH,0.283,-284.199,-282.353,1.0,0.8,-2,-250.0,0.0,250.0,1.8,-249.383,130.0,6.0,220.0,214.0,208.105,201.255,409.36,105.716,106.333,-0.617,1.846,260104,260115,0,2,-2,0.0,0.0,1.0,0.0,0.0,0.0,0.0,0.0,-105.716,143.667
3,3,MS-AM-AC-MH-PR,0.217,182.769,184.615,0.8,1.0,1,125.0,125.0,0.0,1.8,125.617,130.0,6.0,220.0,214.0,208.105,201.255,409.36,105.716,106.333,-0.617,1.846,260104,260115,1,0,1,0.0,0.0,0.0,0.0,0.0,0.0,0.0,0.0,19.284,-106.333
3,3,JL-AM-AC-IK-MH,0.203,-1.846,0.0,1.0,0.0,0,0.0,0.0,0.0,1.0,0.617,130.0,6.0,220.0,214.0,208.105,201.255,409.36,105.716,106.333,-0.617,1.846,260104,260115,0,0,0,0.0,0.0,1.0,0.0,0.0,0.0,0.0,0.0,-105.716,-106.333
3,3,JL-AM-IK-MH-AM7,0.2,198.154,200.0,0.8,0.0,1,125.0,125.0,0.0,0.8,125.617,130.0,6.0,220.0,214.0,208.105,201.255,409.36,105.716,106.333,-0.617,1.846,260104,260115,1,0,1,0.0,0.0,0.0,0.0,0.0,0.0,0.0,0.0,19.284,-106.333
3,3,JL-AM-AC-MH-PR,0.127,313.943,315.789,0.8,0.0,1,125.0,125.0,0.0,0.8,125.617,130.0,6.0,220.0,214.0,208.105,201.255,409.36,105.716,106.333,-0.617,1.846,260104,260115,1,0,1,0.0,0.0,0.0,0.0,0.0,0.0,0.0,0.0,19.284,-106.333
4,3,JL-AM-IK-MH-CH,28.35,24.374,31.041,49.59,50.102,22,45.23,129.058,83.828,99.692,34.084,120.0,20.0,211.0,191.0,202.062,204.765,406.827,104.423,93.278,11.146,6.667,260117,260124,64,42,22,0.636,0.404,0.081,0.22,0.06,0.18,0.273,0.106,24.635,-9.45
4,3,JL-AM-AC-MH-CH,14.24,-1.049,5.618,24.822,25.903,2,11.59,92.66,81.071,50.725,0.444,120.0,20.0,211.0,191.0,202.062,204.765,406.827,104.423,93.278,11.146,6.667,260117,260124,23,21,2,0.286,0.467,0.081,0.347,0.322,0.116,0.357,0.733,-11.763,-12.207
4,3,AM-IK-ZO-KJ-CH,8.8,29.697,36.364,17.26,14.0,8,38.255,81.112,42.857,31.26,27.109,120.0,20.0,211.0,191.0,202.062,204.765,406.827,104.423,93.278,11.146,6.667,260117,260124,14,6,8,0.406,0.375,0.174,0.429,0.116,0.0,0.062,0.0,-23.311,-50.421
4,3,AM-AC-ZO-MH-CH,8.083,-21.512,-14.845,11.85,12.055,-3,-22.59,135.021,157.611,23.905,-33.736,120.0,20.0,211.0,191.0,202.062,204.765,406.827,104.423,93.278,11.146,6.667,260117,260124,16,19,-3,0.433,0.654,0.084,0.166,0.422,0.249,0.2,0.154,30.598,64.333
4,3,JL-AM-IK-PR-CH,6.183,6.271,12.938,8.53,8.93,2,27.648,117.233,89.586,17.46,16.502,120.0,20.0,211.0,191.0,202.062,204.765,406.827,104.423,93.278,11.146,6.667,260117,260124,10,8,2,0.571,0.8,0.117,0.56,0.234,0.112,0.571,0.0,12.81,-3.692
4,3,AM-IK-ZO-MH-CH,5.683,0.371,7.038,8.995,8.33,1,0.467,144.525,144.058,17.325,-10.679,120.0,20.0,211.0,191.0,202.062,204.765,406.827,104.423,93.278,11.146,6.667,260117,260124,13,12,1,0.688,0.786,0.111,0.24,0.222,0.12,0.5,0.143,40.101,50.78
4,3,JL-AM-AC-MH-PR,4.5,-24.444,-17.778,8.93,10.347,-2,-10.13,67.189,77.319,19.277,-21.276,120.0,20.0,211.0,191.0,202.062,204.765,406.827,104.423,93.278,11.146,6.667,260117,260124,6,8,-2,0.429,0.312,0.336,0.387,0.112,0.193,0.0,0.375,-37.234,-15.958
4,3,AM-AC-ZO-KJ-PR,2.767,-35.582,-28.916,5.0,6.0,-2,-26.667,40.0,66.667,11.0,-37.813,120.0,20.0,211.0,191.0,202.062,204.765,406.827,104.423,93.278,11.146,6.667,260117,260124,2,4,-2,0.25,0.5,0.2,0.333,0.0,0.0,0.0,0.0,-64.423,-26.611
4,3,JL-AM-IK-ZO-MH,2.7,52.593,59.259,5.2,3.93,4,64.494,115.385,50.891,9.13,53.348,120.0,20.0,211.0,191.0,202.062,204.765,406.827,104.423,93.278,11.146,6.667,260117,260124,6,2,4,0.667,0.333,0.192,0.509,0.0,0.254,1.0,0.0,10.961,-42.387
4,3,JL-AM-ZO-MH-AM7,2.698,-21.491,-14.824,5.0,4.0,-1,-50.0,100.0,150.0,9.0,-61.146,120.0,20.0,211.0,191.0,202.062,204.765,406.827,104.423,93.278,11.146,6.667,260117,260124,5,6,-1,0.625,0.75,0.2,0.0,0.0,0.0,0.0,0.0,-4.423,56.722
4,3,MS-AC-KJ-LL-AM7,2.633,8.523,15.19,4.0,4.992,1,49.85,150.0,100.15,8.992,38.704,120.0,20.0,211.0,191.0,202.062,204.765,406.827,104.423,93.278,11.146,6.667,260117,260124,6,5,1,0.75,0.0,0.0,0.401,0.0,0.601,0.0,2.0,45.577,6.873
4,3,JL-AM-AC-MH-AM7,2.267,-112.549,-105.882,1.93,3.93,-6,-152.672,0.0,152.672,5.86,-163.818,120.0,20.0,211.0,191.0,202.062,204.765,406.827,104.423,93.278,11.146,6.667,260117,260124,0,6,-6,0.0,0.75,0.0,0.254,0.518,0.254,0.0,0.0,-104.423,59.394
4,3,JL-AM-AC-KJ-CH,2.017,-125.675,-119.008,4.0,4.53,-6,-126.6,50.0,176.6,8.53,-137.746,120.0,20.0,211.0,191.0,202.062,204.765,406.827,104.423,93.278,11.146,6.667,260117,260124,2,8,-6,0.333,0.5,0.25,0.0,0.0,0.221,0.0,1.0,-54.423,83.323
4,3,JL-AM-AC-KJ-AM7,1.95,-27.179,-20.513,2.0,1.8,-1,-72.222,150.0,222.222,3.8,-83.368,120.0,20.0,211.0,191.0,202.062,204.765,406.827,104.423,93.278,11.146,6.667,260117,260124,3,4,-1,0.75,1.0,0.0,0.0,0.0,0.0,0.0,2.0,45.577,128.945
4,3,AM-AC-MH-PR-CH,1.862,-6.667,0.0,5.0,3.0,0,-26.667,40.0,66.667,8.0,-37.813,120.0,20.0,211.0,191.0,202.062,204.765,406.827,104.423,93.278,11.146,6.667,260117,260124,2,2,0,0.25,0.333,0.2,0.0,0.0,0.0,0.0,0.0,-64.423,-26.611
4,3,JL-AM-IK-KJ-CH,1.833,80.606,87.273,1.66,3.0,4,240.964,240.964,0.0,4.66,229.818,120.0,20.0,211.0,191.0,202.062,204.765,406.827,104.423,93.278,11.146,6.667,260117,260124,4,0,4,0.333,0.0,0.0,0.667,1.205,0.0,0.667,0.0,136.54,-93.278
4,3,AM-AC-IK-KJ-AM7,1.8,15.556,22.222,3.0,2.4,1,8.333,133.333,125.0,5.4,-2.813,120.0,20.0,211.0,191.0,202.062,204.765,406.827,104.423,93.278,11.146,6.667,260117,260124,4,3,1,1.0,0.5,0.333,0.0,0.0,0.0,0.0,0.5,28.91,31.722
4,3,JL-IK-KJ-PR-AM7,1.783,-51.526,-44.86,1.93,3.0,-2,-29.706,103.627,133.333,4.93,-40.852,120.0,20.0,211.0,191.0,202.062,204.765,406.827,104.423,93.278,11.146,6.667,260117,260124,2,4,-2,0.333,1.0,0.0,0.333,0.518,0.0,0.0,0.0,-0.797,40.056
4,3,AM-AC-ZO-KJ-AM7,1.733,-6.667,0.0,1.93,3.0,0,0.0,0.0,0.0,4.93,-11.146,120.0,20.0,211.0,191.0,202.062,204.765,406.827,104.423,93.278,11.146,6.667,260117,260124,0,0,0,0.0,0.0,0.0,0.667,0.518,0.0,0.0,0.0,-104.423,-93.278
4,3,AM-AC-IK-ZO-MH,1.683,40.858,47.525,2.0,3.0,2,100.0,100.0,0.0,5.0,88.854,120.0,20.0,211.0,191.0,202.062,204.765,406.827,104.423,93.278,11.146,6.667,260117,260124,2,0,2,0.5,0.0,0.0,0.667,0.0,0.0,0.0,0.0,-4.423,-93.278
4,3,JL-AC-ZO-MH-CH,1.55,122.366,129.032,3.53,2.0,5,141.643,141.643,0.0,5.53,130.497,120.0,20.0,211.0,191.0,202.062,204.765,406.827,104.423,93.278,11.146,6.667,260117,260124,5,0,5,0.5,0.0,0.283,0.0,0.283,0.0,2.0,0.0,37.22,-93.278
4,3,JL-AC-ZO-MH-PR,1.417,-6.667,0.0,3.395,2.0,0,0.0,0.0,0.0,5.395,-11.146,120.0,20.0,211.0,191.0,202.062,204.765,406.827,104.423,93.278,11.146,6.667,260117,260124,0,0,0,0.0,0.0,0.589,1.0,0.295,0.5,0.0,0.0,-104.423,-93.278
4,3,MS-JL-IK-MH-CH,1.33,-6.667,0.0,3.0,1.86,0,-40.86,66.667,107.527,4.86,-52.006,120.0,20.0,211.0,191.0,202.062,204.765,406.827,104.423,93.278,11.146,6.667,260117,260124,2,2,0,0.5,0.25,0.333,0.0,0.0,1.075,0.0,0.0,-37.757,14.249
4,3,JL-AM-AC-PR-CH,1.283,-100.173,-93.506,2.8,2.93,-3,-100.804,35.714,136.519,5.73,-111.95,120.0,20.0,211.0,191.0,202.062,204.765,406.827,104.423,93.278,11.146,6.667,260117,260124,1,4,-3,0.0,0.5,0.714,0.0,0.0,0.341,0.0,0.0,-68.709,43.241
4,3,JL-AC-IK-MH-AM7,1.233,58.198,64.865,1.93,2.0,2,107.254,207.254,100.0,3.93,96.108,120.0,20.0,211.0,191.0,202.062,204.765,406.827,104.423,93.278,11.146,6.667,260117,260124,4,2,2,0.667,0.5,0.0,0.0,0.518,0.0,0.0,0.0,102.83,6.722
4,3,JL-AM-ZO-KJ-AM7,1.217,-105.297,-98.63,2.86,2.93,-3,-100.718,69.93,170.648,5.79,-111.864,120.0,20.0,211.0,191.0,202.062,204.765,406.827,104.423,93.278,11.146,6.667,260117,260124,2,5,-3,0.333,0.625,0.699,0.0,0.699,0.341,0.0,0.0,-34.493,77.371
4,3,JL-AC-ZO-KJ-CH,1.217,-105.297,-98.63,0.8,2.0,-3,0.0,250.0,250.0,2.8,-11.146,120.0,20.0,211.0,191.0,202.062,204.765,406.827,104.423,93.278,11.146,6.667,260117,260124,2,5,-3,0.0,1.25,0.0,0.0,0.0,0.0,0.0,0.0,145.577,156.722
4,3,AM-AC-ZO-MH-PR,1.167,-109.524,-102.857,1.0,2.0,-3,-150.0,0.0,150.0,3.0,-161.146,120.0,20.0,211.0,191.0,202.062,204.765,406.827,104.423,93.278,11.146,6.667,260117,260124,0,3,-3,0.0,0.75,0.0,0.0,0.0,0.0,0.0,0.0,-104.423,56.722
4,3,MS-JL-AM-KJ-AM7,1.0,-6.667,0.0,1.93,1.0,0,0.0,0.0,0.0,2.93,-11.146,120.0,20.0,211.0,191.0,202.062,204.765,406.827,104.423,93.278,11.146,6.667,260117,260124,0,0,0,0.0,0.0,0.518,0.0,0.518,0.0,0.0,0.0,-104.423,-93.278
4,3,MS-JL-IK-KJ-AM7,0.937,-134.781,-128.114,0.93,2.065,-3,-145.278,0.0,145.278,2.995,-156.424,120.0,20.0,211.0,191.0,202.062,204.765,406.827,104.423,93.278,11.146,6.667,260117,260124,0,3,-3,0.0,0.0,1.075,0.0,1.075,0.484,0.0,4.0,-104.423,52.001
4,3,AM-AC-IK-ZO-KJ,0.667,113.333,120.0,0.93,1.0,2,215.054,215.054,0.0,1.93,203.908,120.0,20.0,211.0,191.0,202.062,204.765,406.827,104.423,93.278,11.146,6.667,260117,260124,2,0,2,0.5,0.0,0.0,0.0,1.075,0.0,0.0,0.0,110.63,-93.278
4,3,JL-AC-IK-MH-PR,0.65,116.41,123.077,1.0,0.0,2,200.0,200.0,0.0,1.0,188.854,120.0,20.0,211.0,191.0,202.062,204.765,406.827,104.423,93.278,11.146,6.667,260117,260124,2,0,2,1.0,0.0,0.0,0.0,0.0,0.0,0.0,0.0,95.577,-93.278
4,3,AM-AC-ZO-PR-AM7,0.617,-136.396,-129.73,0.8,1.6,-2,0.0,250.0,250.0,2.4,-11.146,120.0,20.0,211.0,191.0,202.062,204.765,406.827,104.423,93.278,11.146,6.667,260117,260124,2,4,-2,0.0,0.0,0.0,0.0,0.0,0.0,0.0,0.0,145.577,156.722
4,3,AM-AC-ZO-KJ-CH,0.583,-6.667,0.0,1.0,0.93,0,0.0,0.0,0.0,1.93,-11.146,120.0,20.0,211.0,191.0,202.062,204.765,406.827,104.423,93.278,11.146,6.667,260117,260124,0,0,0,0.0,0.0,1.0,0.0,0.0,1.075,0.0,0.0,-104.423,-93.278
4,3,JL-AC-ZO-KJ-PR,0.4,-6.667,0.0,0.73,0.8,0,23.973,273.973,250.0,1.53,12.827,120.0,20.0,211.0,191.0,202.062,204.765,406.827,104.423,93.278,11.146,6.667,260117,260124,2,2,0,0.0,0.0,0.0,0.0,1.37,0.0,2.0,0.0,169.549,156.722
4,3,JL-AM-ZO-MH-CH,0.302,-6.667,0.0,0.4,1.0,0,0.0,0.0,0.0,1.4,-11.146,120.0,20.0,211.0,191.0,202.062,204.765,406.827,104.423,93.278,11.146,6.667,260117,260124,0,0,0,0.0,0.0,0.0,1.0,0.0,0.0,0.0,0.0,-104.423,-93.278
4,3,JL-AM-IK-MH-PR,0.267,-6.667,0.0,1.0,0.0,0,0.0,0.0,0.0,1.0,-11.146,120.0,20.0,211.0,191.0,202.062,204.765,406.827,104.423,93.278,11.146,6.667,260117,260124,0,0,0,0.0,0.0,1.0,0.0,0.0,0.0,0.0,0.0,-104.423,-93.278
4,3,AM-AC-ZO-PR-CH,0.212,182.31,188.976,1.0,0.4,1,-50.0,200.0,250.0,1.4,-61.146,120.0,20.0,211.0,191.0,202.062,204.765,406.827,104.423,93.278,11.146,6.667,260117,260124,2,1,1,1.0,0.0,0.0,0.0,0.0,0.0,0.0,0.0,95.577,156.722
4,3,JL-AM-IK-KJ-AM7,0.2,-6.667,0.0,0.0,1.0,0,0.0,0.0,0.0,1.0,-11.146,120.0,20.0,211.0,191.0,202.062,204.765,406.827,104.423,93.278,11.146,6.667,260117,260124,0,0,0,0.0,0.0,0.0,1.0,0.0,0.0,0.0,0.0,-104.423,-93.278
4,3,AC-IK-ZO-PR-AM7,0.133,-6.667,0.0,0.0,1.0,0,0.0,0.0,0.0,1.0,-11.146,120.0,20.0,211.0,191.0,202.062,204.765,406.827,104.423,93.278,11.146,6.667,260117,260124,0,0,0,0.0,0.0,0.0,0.0,0.0,0.0,0.0,0.0,-104.423,-93.278
4,3,MS-AM-AC-PR-CH,0.053,743.333,750.0,0.4,0.0,1,250.0,250.0,0.0,0.4,238.854,120.0,20.0,211.0,191.0,202.062,204.765,406.827,104.423,93.278,11.146,6.667,260117,260124,1,0,1,0.0,0.0,0.0,0.0,0.0,0.0,0.0,0.0,145.577,-93.278
