combo_string,interval_num,minutes,PM_p40,rel_PM_p40,rel_off_rtg,rel_def_rtg,rel_net_rtg,pts_for,pts_against,o_poss,d_poss,plus_minus,off_rtg,def_rtg,net_rtg,team_minutes,team_plus_minus,team_pts_for,team_pts_against,team_o_poss,team_d_poss,team_poss_total,team_off_rtg,team_def_rtg,team_net_rtg,team_PM_p40,combo_size,interval_len,interval_start,interval_end,player1,player2,player3
IK-MH-CH,1,66.243,6.6422112525097,7.142208127529231,-1.2652325282654573,-7.01415603730787,5.748923509042413,110,99,115.167,109.03,11,95.51347174103692,90.80069705585618,4.712774685180747,1600.01,-20,2630,2650,2717.5400000000004,2709.2,5426.74,96.77870426930238,97.81485309316405,-1.0361488238616658,-0.4999968750195311,3,4,251205,251221,IK,MH,CH
AM-MH-CH,1,63.536,-9.443465122135482,-8.94346824711595,-16.881596154874146,-3.9771825891493364,-12.90441356572481,82,97,102.632,103.37,-15,79.89710811442824,93.83767050401471,-13.940562389586475,1600.01,-20,2630,2650,2717.5400000000004,2709.2,5426.74,96.77870426930238,97.81485309316405,-1.0361488238616658,-0.4999968750195311,3,4,251205,251221,AM,MH,CH
JL-MH-CH,1,63.417,7.568948389233171,8.068945264252703,0.9093452259760397,-5.152928720269998,6.062273946246037,111,99,113.627,106.84,12,97.68804949527842,92.66192437289405,5.0261251223843715,1600.01,-20,2630,2650,2717.5400000000004,2709.2,5426.74,96.77870426930238,97.81485309316405,-1.0361488238616658,-0.4999968750195311,3,4,251205,251221,JL,MH,CH
JL-IK-CH,1,62.959,0.6353341063231627,1.1353309813426937,-5.977689544560519,-7.512905957428927,1.535216412868408,97,96,106.827,106.31,1,90.80101472474186,90.30194713573512,0.4990675890067422,1600.01,-20,2630,2650,2717.5400000000004,2709.2,5426.74,96.77870426930238,97.81485309316405,-1.0361488238616658,-0.4999968750195311,3,4,251205,251221,JL,IK,CH
JL-IK-MH,1,58.712,10.219375936776126,10.719372811795658,-2.0222096966917036,-8.51986814871384,6.4976584520221365,101,86,106.589,96.31,15,94.75649457261068,89.2949849444502,5.461509628160471,1600.01,-20,2630,2650,2717.5400000000004,2709.2,5426.74,96.77870426930238,97.81485309316405,-1.0361488238616658,-0.4999968750195311,3,4,251205,251221,JL,IK,MH
AM-IK-CH,1,58.404,-10.27326895418122,-9.773272079161687,-24.93513583049436,-11.08279320674174,-13.85234262375262,69,84,96.042,96.85,-15,71.84356843880802,86.7320598864223,-14.888491447614285,1600.01,-20,2630,2650,2717.5400000000004,2709.2,5426.74,96.77870426930238,97.81485309316405,-1.0361488238616658,-0.4999968750195311,3,4,251205,251221,AM,IK,CH
JL-AM-CH,1,58.132000000000005,-2.7523567054290234,-2.2523598304094925,-12.079022154529085,-8.265759119291317,-3.8132630352377674,81,85,95.632,94.92,-4,84.6996821147733,89.54909397387273,-4.849411859099433,1600.01,-20,2630,2650,2717.5400000000004,2709.2,5426.74,96.77870426930238,97.81485309316405,-1.0361488238616658,-0.4999968750195311,3,4,251205,251221,JL,AM,CH
AM-IK-MH,1,56.756,-0.7047713017125943,-0.20477442669306317,-21.88324584668395,-14.07524884882794,-7.807996997856009,72,73,96.134,87.175,-1,74.89545842261843,83.7396042443361,-8.844145821717674,1600.01,-20,2630,2650,2717.5400000000004,2709.2,5426.74,96.77870426930238,97.81485309316405,-1.0361488238616658,-0.4999968750195311,3,4,251205,251221,AM,IK,MH
JL-AM-MH,1,53.522000000000006,5.978849818766114,6.478846693785645,-6.154570529404296,-8.196603558713406,2.04203302930911,85,77,93.794,85.92,8,90.62413373989808,89.61824953445064,1.005884205447444,1600.01,-20,2630,2650,2717.5400000000004,2709.2,5426.74,96.77870426930238,97.81485309316405,-1.0361488238616658,-0.4999968750195311,3,4,251205,251221,JL,AM,MH
JL-AM-IK,1,53.346000000000004,-2.9992876691785697,-2.4992907941590388,-19.339936209475397,-11.15365154731559,-8.186284662159807,70,74,90.394,85.39,-4,77.43876805982698,86.66120154584846,-9.222433486021473,1600.01,-20,2630,2650,2717.5400000000004,2709.2,5426.74,96.77870426930238,97.81485309316405,-1.0361488238616658,-0.4999968750195311,3,4,251205,251221,JL,AM,IK
AC-MH-CH,1,38.19,-4.189578423671119,-3.6895815486515877,8.22438405682486,10.131173893342705,-1.906789836517845,68,72,64.76,66.7,-4,105.00308832612724,107.94602698650675,-2.942938660379511,1600.01,-20,2630,2650,2717.5400000000004,2709.2,5426.74,96.77870426930238,97.81485309316405,-1.0361488238616658,-0.4999968750195311,3,4,251205,251221,AC,MH,CH
ZO-MH-CH,1,36.598,7.650691294606263,8.150688169625795,12.01259242696193,-3.255869989769238,15.268462416731168,68,61,62.504999999999995,64.51,7,108.79129669626431,94.55898310339481,14.232313592869502,1600.01,-20,2630,2650,2717.5400000000004,2709.2,5426.74,96.77870426930238,97.81485309316405,-1.0361488238616658,-0.4999968750195311,3,4,251205,251221,ZO,MH,CH
AM-ZO-CH,1,30.680999999999997,-19.556077050943582,-19.056080175924052,-2.504158396687984,9.505959478702565,-12.010117875390549,41,56,43.489999999999995,52.18,-15,94.2745458726144,107.32081257186661,-13.046266699252214,1600.01,-20,2630,2650,2717.5400000000004,2709.2,5426.74,96.77870426930238,97.81485309316405,-1.0361488238616658,-0.4999968750195311,3,4,251205,251221,AM,ZO,CH
JL-AC-CH,1,30.147000000000002,0.0,0.4999968750195311,27.650186563787912,26.577761095368515,1.0724254684193966,64,64,51.435,51.45,0,124.42889083309029,124.39261418853256,0.03627664455773072,1600.01,-20,2630,2650,2717.5400000000004,2709.2,5426.74,96.77870426930238,97.81485309316405,-1.0361488238616658,-0.4999968750195311,3,4,251205,251221,JL,AC,CH
IK-ZO-CH,1,29.931,10.691256556747184,11.191253431766716,9.872993737994832,-8.594168460971758,18.46716219896659,57,49,53.445,54.92,8,106.65169800729721,89.22068463219229,17.431013375104925,1600.01,-20,2630,2650,2717.5400000000004,2709.2,5426.74,96.77870426930238,97.81485309316405,-1.0361488238616658,-0.4999968750195311,3,4,251205,251221,IK,ZO,CH
AC-ZO-CH,1,28.206,-11.34510387860739,-10.845107003587858,6.806143907807396,25.153050199874727,-18.34690629206733,51,59,49.235,47.98,-8,103.58484817710978,122.96790329303877,-19.383055115928997,1600.01,-20,2630,2650,2717.5400000000004,2709.2,5426.74,96.77870426930238,97.81485309316405,-1.0361488238616658,-0.4999968750195311,3,4,251205,251221,AC,ZO,CH
IK-ZO-MH,1,27.823,10.063616432447974,10.563613307467506,0.08795580779558065,-13.10327584427337,13.19123165206895,49,42,50.585,49.58,7,96.86666007709796,84.71157724889068,12.155082828207284,1600.01,-20,2630,2650,2717.5400000000004,2709.2,5426.74,96.77870426930238,97.81485309316405,-1.0361488238616658,-0.4999968750195311,3,4,251205,251221,IK,ZO,MH
JL-AM-PR,1,26.75,19.439252336448597,19.939249211468127,35.401841354654806,8.544553066818224,26.85728828783658,61,48,46.149,45.13,13,132.1805456239572,106.35940615998227,25.821139463974916,1600.01,-20,2630,2650,2717.5400000000004,2709.2,5426.74,96.77870426930238,97.81485309316405,-1.0361488238616658,-0.4999968750195311,3,4,251205,251221,JL,AM,PR
AM-ZO-MH,1,25.977,-15.398236901874736,-14.898240026855204,-16.949007622149637,-6.292144020975513,-10.656863601174123,30,40,37.58,43.705,-10,79.82969664715274,91.52270907218853,-11.69301242503579,1600.01,-20,2630,2650,2717.5400000000004,2709.2,5426.74,96.77870426930238,97.81485309316405,-1.0361488238616658,-0.4999968750195311,3,4,251205,251221,AM,ZO,MH
AM-AC-MH,1,25.064,-14.363230130864986,-13.863233255845454,-5.3886128792109815,3.52193000299809,-8.910542882209072,38,47,41.58,46.38,-9,91.3900913900914,101.33678309616214,-9.946691706070737,1600.01,-20,2630,2650,2717.5400000000004,2709.2,5426.74,96.77870426930238,97.81485309316405,-1.0361488238616658,-0.4999968750195311,3,4,251205,251221,AM,AC,MH
AM-IK-PR,1,24.495,-13.063890589916308,-12.563893714896777,-25.10651802047633,-13.580362484171445,-11.526155536304884,29,37,40.462,43.925,-8,71.67218624882605,84.2344906089926,-12.56230436016655,1600.01,-20,2630,2650,2717.5400000000004,2709.2,5426.74,96.77870426930238,97.81485309316405,-1.0361488238616658,-0.4999968750195311,3,4,251205,251221,AM,IK,PR
AM-AC-CH,1,23.617,-27.099123512723885,-26.599126637704355,-3.619268549313034,21.20498354627587,-24.824252095588903,35,51,37.57,42.85,-16,93.15943571998935,119.01983663943992,-25.86040091945057,1600.01,-20,2630,2650,2717.5400000000004,2709.2,5426.74,96.77870426930238,97.81485309316405,-1.0361488238616658,-0.4999968750195311,3,4,251205,251221,AM,AC,CH
JL-AC-MH,1,23.59,8.47816871555744,8.978165590576971,29.162887347264885,18.548783270472313,10.614104076792572,53,48,42.083,41.25,5,125.94159161656727,116.36363636363636,9.577955252930906,1600.01,-20,2630,2650,2717.5400000000004,2709.2,5426.74,96.77870426930238,97.81485309316405,-1.0361488238616658,-0.4999968750195311,3,4,251205,251221,JL,AC,MH
AC-ZO-MH,1,22.073,5.436506138721515,5.936503013741046,0.5308189140340289,-7.974715690600959,8.505534604634988,37,34,38.022999999999996,37.845,3,97.30952318333641,89.84013740256309,7.469385780773322,1600.01,-20,2630,2650,2717.5400000000004,2709.2,5426.74,96.77870426930238,97.81485309316405,-1.0361488238616658,-0.4999968750195311,3,4,251205,251221,AC,ZO,MH
AC-IK-CH,1,21.844,-3.662332906061161,-3.16233603104163,8.512872404563709,11.28573232461136,-2.772859920047651,39,41,37.04,37.58,-2,105.29157667386609,109.1005854177754,-3.8090087439093168,1600.01,-20,2630,2650,2717.5400000000004,2709.2,5426.74,96.77870426930238,97.81485309316405,-1.0361488238616658,-0.4999968750195311,3,4,251205,251221,AC,IK,CH
JL-ZO-CH,1,20.27,29.60039467192896,30.10039154694849,37.762046054112886,14.306359028048064,23.455687026064822,52,37,38.65,33.0,15,134.54075032341527,112.12121212121211,22.419538202203157,1600.01,-20,2630,2650,2717.5400000000004,2709.2,5426.74,96.77870426930238,97.81485309316405,-1.0361488238616658,-0.4999968750195311,3,4,251205,251221,JL,ZO,CH
JL-IK-PR,1,19.151,-10.443318886742206,-9.943322011722675,-21.311752505262376,-4.8661351444460905,-16.445617360816286,24,29,31.802,31.2,-5,75.46695176404,92.94871794871796,-17.48176618467795,1600.01,-20,2630,2650,2717.5400000000004,2709.2,5426.74,96.77870426930238,97.81485309316405,-1.0361488238616658,-0.4999968750195311,3,4,251205,251221,JL,IK,PR
AM-IK-ZO,1,19.108,-12.560184216035168,-12.060187341015636,-17.7951877857859,-5.399301786599366,-12.395885999186532,23,29,29.12,31.380000000000003,-6,78.98351648351648,92.41555130656468,-13.432034823048198,1600.01,-20,2630,2650,2717.5400000000004,2709.2,5426.74,96.77870426930238,97.81485309316405,-1.0361488238616658,-0.4999968750195311,3,4,251205,251221,AM,IK,ZO
AC-IK-MH,1,18.557000000000002,-2.1555208277199975,-1.6555239527004664,4.293271228400528,6.335859113912079,-2.0425878855115513,33,34,32.65,32.644999999999996,-1,101.07197549770291,104.15071220707613,-3.078736709373217,1600.01,-20,2630,2650,2717.5400000000004,2709.2,5426.74,96.77870426930238,97.81485309316405,-1.0361488238616658,-0.4999968750195311,3,4,251205,251221,AC,IK,MH
AM-MH-PR,1,16.787,26.210758324894265,26.710755199913795,13.520482274196866,-23.134909992168318,36.65539226636518,32,21,29.012,28.12,11,110.29918654349925,74.67994310099573,35.61924344250352,1600.01,-20,2630,2650,2717.5400000000004,2709.2,5426.74,96.77870426930238,97.81485309316405,-1.0361488238616658,-0.4999968750195311,3,4,251205,251221,AM,MH,PR
JL-AM-AC,1,16.207,17.276485469241685,17.776482344261215,47.15796359683651,14.20144018585836,32.95652341097815,40,33,27.79,29.46,7,143.9366678661389,112.0162932790224,31.920374587116484,1600.01,-20,2630,2650,2717.5400000000004,2709.2,5426.74,96.77870426930238,97.81485309316405,-1.0361488238616658,-0.4999968750195311,3,4,251205,251221,JL,AM,AC
JL-AM-MH,2,58.338,9.599232061435085,6.8299373854041,9.747338844140629,-1.0680432754576685,10.815382119598297,118,104,97.108,99.181,14,121.51419038596201,104.85879351891995,16.655396867042057,1299.97,90,2390,2300,2138.38,2171.3099999999995,4309.69,111.76685154182138,105.92683679437762,5.84001474744376,2.7692946760309853,3,3,251228,260102,JL,AM,MH
AM-MH-CH,2,51.289,1.5597886486381094,-1.209506027392876,0.6750941927178502,-1.0109443681393344,1.6860385608571846,92,90,81.82000000000001,85.783,2,112.44194573453923,104.91589242623829,7.526053308300945,1299.97,90,2390,2300,2138.38,2171.3099999999995,4309.69,111.76685154182138,105.92683679437762,5.84001474744376,2.7692946760309853,3,3,251228,260102,AM,MH,CH
JL-AM-CH,2,48.794,2.45931876870107,-0.3099759073299153,1.9275787085618532,1.3278181823630746,0.5997605261987786,89,86,78.28,80.183,3,113.69443025038323,107.2546549767407,6.439775273642539,1299.97,90,2390,2300,2138.38,2171.3099999999995,4309.69,111.76685154182138,105.92683679437762,5.84001474744376,2.7692946760309853,3,3,251228,260102,JL,AM,CH
JL-MH-CH,2,46.291,0.8640988529087729,-1.9051958231222126,-2.0404901221519367,-3.694334526093982,1.6538444039420455,81,80,73.82000000000001,78.253,1,109.72636141966944,102.23250226828364,7.493859151385806,1299.97,90,2390,2300,2138.38,2171.3099999999995,4309.69,111.76685154182138,105.92683679437762,5.84001474744376,2.7692946760309853,3,3,251228,260102,JL,MH,CH
AM-IK-MH,2,42.510999999999996,18.818658700101153,16.04936402407017,17.432114866447364,-10.59523934983359,28.027354216280955,87,67,67.338,70.281,20,129.19896640826875,95.33159744454403,33.867368963724715,1299.97,90,2390,2300,2138.38,2171.3099999999995,4309.69,111.76685154182138,105.92683679437762,5.84001474744376,2.7692946760309853,3,3,251228,260102,AM,IK,MH
AM-AC-CH,2,40.758,0.0,-2.7692946760309853,-1.9411083876260449,7.807752168817856,-9.748860556443901,75,75,68.29,65.943,0,109.82574315419534,113.73458896319548,-3.908845809000141,1299.97,90,2390,2300,2138.38,2171.3099999999995,4309.69,111.76685154182138,105.92683679437762,5.84001474744376,2.7692946760309853,3,3,251228,260102,AM,AC,CH
JL-IK-MH,2,38.440999999999995,17.689446164251713,14.920151488220728,11.65477572486428,-9.956037090156471,21.61081281502075,78,61,63.198,63.561,17,123.42162726668566,95.97079970422115,27.45082756246451,1299.97,90,2390,2300,2138.38,2171.3099999999995,4309.69,111.76685154182138,105.92683679437762,5.84001474744376,2.7692946760309853,3,3,251228,260102,JL,IK,MH
AM-IK-CH,2,37.149,1.0767449998654068,-1.6925496761655785,-15.202320436900308,-17.645722028928432,2.443401592028124,52,51,53.85,57.77,1,96.56453110492107,88.28111476544919,8.283416339471884,1299.97,90,2390,2300,2138.38,2171.3099999999995,4309.69,111.76685154182138,105.92683679437762,5.84001474744376,2.7692946760309853,3,3,251228,260102,AM,IK,CH
JL-AM-IK,2,36.077999999999996,21.065469261045514,18.29617458501453,22.656014495180273,-8.592433351813455,31.248447846993727,76,57,56.538,58.561,19,134.42286603700165,97.33440344256417,37.08846259443749,1299.97,90,2390,2300,2138.38,2171.3099999999995,4309.69,111.76685154182138,105.92683679437762,5.84001474744376,2.7692946760309853,3,3,251228,260102,JL,AM,IK
AM-ZO-CH,2,31.766000000000002,-25.184159163885916,-27.9534538399169,-9.066204908120355,25.67551070695619,-34.741715615076544,54,74,52.58,56.23,-20,102.70064663370103,131.6023475013338,-28.901700867632783,1299.97,90,2390,2300,2138.38,2171.3099999999995,4309.69,111.76685154182138,105.92683679437762,5.84001474744376,2.7692946760309853,3,3,251228,260102,AM,ZO,CH
AM-AC-PR,2,31.509,13.964264178488685,11.194969502457699,11.440581300028754,-3.879772688411947,15.3203539884407,61,50,49.51,48.997,11,123.20743284185014,102.04706410596567,21.16036873588446,1299.97,90,2390,2300,2138.38,2171.3099999999995,4309.69,111.76685154182138,105.92683679437762,5.84001474744376,2.7692946760309853,3,3,251228,260102,AM,AC,PR
IK-MH-CH,2,29.063,2.752640814781681,-0.016653861249304125,-11.557110222781546,-14.490619131576551,2.9335089087950053,43,41,42.910000000000004,44.84,2,100.20974131903984,91.43621766280107,8.773523656238766,1299.97,90,2390,2300,2138.38,2171.3099999999995,4309.69,111.76685154182138,105.92683679437762,5.84001474744376,2.7692946760309853,3,3,251228,260102,IK,MH,CH
AM-AC-MH,2,28.468,16.861036953772658,14.091742277741673,6.303990963681926,-2.174077412479164,8.47806837616109,59,47,49.97,45.300000000000004,12,118.07084250550331,103.75275938189846,14.31808312360485,1299.97,90,2390,2300,2138.38,2171.3099999999995,4309.69,111.76685154182138,105.92683679437762,5.84001474744376,2.7692946760309853,3,3,251228,260102,AM,AC,MH
AM-MH-PR,2,26.89,37.18854592785422,34.41925125182323,27.926644493348505,-14.277576382595356,42.20422087594386,68,43,48.678,46.918,25,139.6934960351699,91.64926041178227,48.04423562338762,1299.97,90,2390,2300,2138.38,2171.3099999999995,4309.69,111.76685154182138,105.92683679437762,5.84001474744376,2.7692946760309853,3,3,251228,260102,AM,MH,PR
JL-IK-CH,2,25.813,10.847247510944099,8.077952834913113,-6.253794300987835,-16.68941115889899,10.435616857911157,40,33,37.910000000000004,36.980000000000004,7,105.51305724083355,89.23742563547863,16.275631605354917,1299.97,90,2390,2300,2138.38,2171.3099999999995,4309.69,111.76685154182138,105.92683679437762,5.84001474744376,2.7692946760309853,3,3,251228,260102,JL,IK,CH
AM-ZO-PR,2,25.546,9.394817192515463,6.6255225164844775,28.38154087367738,7.024970434538048,21.356570439139333,51,45,36.39,39.839999999999996,6,140.14839241549876,112.95180722891567,27.196585186583093,1299.97,90,2390,2300,2138.38,2171.3099999999995,4309.69,111.76685154182138,105.92683679437762,5.84001474744376,2.7692946760309853,3,3,251228,260102,AM,ZO,PR
JL-AM-PR,2,25.196,17.46308937926655,14.693794703235564,8.641222366843635,-4.352433543996696,12.993655910840332,55,44,45.678,43.318,11,120.40807390866502,101.57440325038093,18.833670658284092,1299.97,90,2390,2300,2138.38,2171.3099999999995,4309.69,111.76685154182138,105.92683679437762,5.84001474744376,2.7692946760309853,3,3,251228,260102,JL,AM,PR
JL-AC-CH,2,24.891000000000002,-1.6070065485516853,-4.3763012245826705,-12.574233318061289,-2.20951364419966,-10.364719673861629,43,44,43.35,42.423,-1,99.19261822376009,103.71732315017796,-4.5247049264178685,1299.97,90,2390,2300,2138.38,2171.3099999999995,4309.69,111.76685154182138,105.92683679437762,5.84001474744376,2.7692946760309853,3,3,251228,260102,JL,AC,CH
AC-MH-CH,2,24.782,1.6140747316600759,-1.1552199443709095,-12.321893169943493,-5.814806665423802,-6.507086504519691,43,42,43.24,41.953,1,99.44495837187789,100.11203012895382,-0.6670717570759308,1299.97,90,2390,2300,2138.38,2171.3099999999995,4309.69,111.76685154182138,105.92683679437762,5.84001474744376,2.7692946760309853,3,3,251228,260102,AC,MH,CH
JL-AC-MH,2,24.486,-1.6335865392469167,-4.402881215277902,-19.776723653107,-5.2074123339459675,-14.56931131916103,41,42,44.57,41.7,-1,91.99012788871438,100.71942446043165,-8.72929657171727,1299.97,90,2390,2300,2138.38,2171.3099999999995,4309.69,111.76685154182138,105.92683679437762,5.84001474744376,2.7692946760309853,3,3,251228,260102,JL,AC,MH
AM-IK-PR,2,24.48,26.143790849673202,23.374496173642218,17.4447141122817,-20.478463777588175,37.923177889869876,53,37,41.018,43.301,16,129.21156565410308,85.44837301678945,43.76319263731364,1299.97,90,2390,2300,2138.38,2171.3099999999995,4309.69,111.76685154182138,105.92683679437762,5.84001474744376,2.7692946760309853,3,3,251228,260102,AM,IK,PR
AM-AC-ZO,2,24.107,1.6592690919649895,-1.1100255840659958,31.283080981795365,29.067971097626568,2.215109884168797,53,52,37.05,38.519999999999996,1,143.04993252361675,134.9948078920042,8.055124631612557,1299.97,90,2390,2300,2138.38,2171.3099999999995,4309.69,111.76685154182138,105.92683679437762,5.84001474744376,2.7692946760309853,3,3,251228,260102,AM,AC,ZO
AM-ZO-MH,2,23.891000000000002,3.348541291699803,0.5792466156688176,9.651312615536554,1.600044926052476,8.051267689484078,50,48,41.18,44.64,2,121.41816415735794,107.5268817204301,13.891282436927838,1299.97,90,2390,2300,2138.38,2171.3099999999995,4309.69,111.76685154182138,105.92683679437762,5.84001474744376,2.7692946760309853,3,3,251228,260102,AM,ZO,MH
AC-ZO-CH,2,22.684,-12.343502027861048,-15.112796703892034,3.9008666495561357,33.72267032500899,-29.821803675452855,44,51,38.04,36.52,-7,115.66771819137752,139.6495071193866,-23.981788928009095,1299.97,90,2390,2300,2138.38,2171.3099999999995,4309.69,111.76685154182138,105.92683679437762,5.84001474744376,2.7692946760309853,3,3,251228,260102,AC,ZO,CH
JL-AM-AC,2,22.527,14.20517601100901,11.435881334978024,-3.5315574241743235,-0.2832449122536218,-3.2483125119207017,46,38,42.5,35.97,8,108.23529411764706,105.643591882124,2.5917022355230586,1299.97,90,2390,2300,2138.38,2171.3099999999995,4309.69,111.76685154182138,105.92683679437762,5.84001474744376,2.7692946760309853,3,3,251228,260102,JL,AM,AC
AM-PR-CH,2,21.676000000000002,-1.8453589223103892,-4.614653598341374,-16.645648718869566,-10.26166489602187,-6.383983822847696,31,32,32.59,33.45,-1,95.12120282295182,95.66517189835575,-0.5439690754039361,1299.97,90,2390,2300,2138.38,2171.3099999999995,4309.69,111.76685154182138,105.92683679437762,5.84001474744376,2.7692946760309853,3,3,251228,260102,AM,PR,CH
ZO-MH-CH,2,20.121,-27.83161870682372,-30.600913382854703,-15.975850090442577,8.959499064825522,-24.9353491552681,33,47,34.45,40.91,-14,95.7910014513788,114.88633585920314,-19.09533440782434,1299.97,90,2390,2300,2138.38,2171.3099999999995,4309.69,111.76685154182138,105.92683679437762,5.84001474744376,2.7692946760309853,3,3,251228,260102,ZO,MH,CH
IK-MH-PR,2,19.761,20.24189059258135,17.472595916550365,16.379132363043055,1.1080298134198898,15.271102549623166,50,40,39.018,37.370999999999995,10,128.14598390486444,107.03486660779751,21.111117297066926,1299.97,90,2390,2300,2138.38,2171.3099999999995,4309.69,111.76685154182138,105.92683679437762,5.84001474744376,2.7692946760309853,3,3,251228,260102,IK,MH,PR
JL-MH-PR,2,19.573,18.39268379911102,15.623389123080035,12.086842987534567,-0.54106941959256,12.627912407127127,47,38,37.948,36.058,9,123.85369452935595,105.38576737478506,18.467927154570887,1299.97,90,2390,2300,2138.38,2171.3099999999995,4309.69,111.76685154182138,105.92683679437762,5.84001474744376,2.7692946760309853,3,3,251228,260102,JL,MH,PR
AC-ZO-PR,2,19.434,-6.1747452917567145,-8.944039967787699,19.149563362508957,29.33886368871417,-10.189300326205213,39,42,29.79,31.05,-3,130.91641490433034,135.2657004830918,-4.349285578761453,1299.97,90,2390,2300,2138.38,2171.3099999999995,4309.69,111.76685154182138,105.92683679437762,5.84001474744376,2.7692946760309853,3,3,251228,260102,AC,ZO,PR
AC-ZO-MH,2,16.872,0.0,-2.7692946760309853,2.617897158351923,4.5889033261850045,-1.9710061678330817,33,33,28.85,29.86,0,114.3847487001733,110.51574012056263,3.8690085796106786,1299.97,90,2390,2300,2138.38,2171.3099999999995,4309.69,111.76685154182138,105.92683679437762,5.84001474744376,2.7692946760309853,3,3,251228,260102,AC,ZO,MH
JL-ZO-CH,2,16.436,-36.505232416646386,-39.274527092677374,-5.866700255890976,25.81335928405376,-31.680059539944736,28,43,26.44,32.64,-15,105.9001512859304,131.74019607843138,-25.840044792500976,1299.97,90,2390,2300,2138.38,2171.3099999999995,4309.69,111.76685154182138,105.92683679437762,5.84001474744376,2.7692946760309853,3,3,251228,260102,JL,ZO,CH
JL-IK-PR,2,15.911,25.1398403620137,22.370545685982716,27.82368289051044,-4.600089699605434,32.423772590115874,42,32,30.088,31.581,10,139.59053443233182,101.32674709477219,38.263787337559634,1299.97,90,2390,2300,2138.38,2171.3099999999995,4309.69,111.76685154182138,105.92683679437762,5.84001474744376,2.7692946760309853,3,3,251228,260102,JL,IK,PR
AC-PR-CH,2,15.600000000000001,5.128205128205128,2.3589104521741424,-6.680680881880235,-8.427896565467066,1.7472156835868304,25,23,23.79,23.59,2,105.08617065994115,97.49894022891056,7.587230431030591,1299.97,90,2390,2300,2138.38,2171.3099999999995,4309.69,111.76685154182138,105.92683679437762,5.84001474744376,2.7692946760309853,3,3,251228,260102,AC,PR,CH
AM-IK-CH,3,62.227,8.356501197229498,6.510404154061596,4.777884623170948,-6.2729435492809955,11.050828172451943,105,92,95.02799999999999,91.94500000000001,13,110.49374921075893,100.05981836967752,10.43393084108142,1300.0400000000002,60,2200,2140,2081.05,2012.5500000000004,4093.6000000000004,105.71586458758799,106.33276191895851,-0.6168973313705237,1.8460970431679022,3,3,260104,260115,AM,IK,CH
AM-IK-MH,3,62.22,3.2144005143040824,1.3683034711361801,1.9059968644949095,3.7309878767152185,-1.824991012220309,106,101,98.493,91.765,5,107.6218614520829,110.06374979567373,-2.4418883435908327,1300.0400000000002,60,2200,2140,2081.05,2012.5500000000004,4093.6000000000004,105.71586458758799,106.33276191895851,-0.6168973313705237,1.8460970431679022,3,3,260104,260115,AM,IK,MH
AM-MH-CH,3,62.181,1.9298499541660636,0.0837529109981614,1.6066839783267568,4.5169112836558725,-2.9102273053291157,109,106,101.563,95.625,3,107.32254856591474,110.84967320261438,-3.5271246366996394,1300.0400000000002,60,2200,2140,2081.05,2012.5500000000004,4093.6000000000004,105.71586458758799,106.33276191895851,-0.6168973313705237,1.8460970431679022,3,3,260104,260115,AM,MH,CH
JL-IK-CH,3,59.284,11.470211186829498,9.624114143661597,14.256214637610512,-1.075560855068531,15.331775492679043,110,93,91.688,88.355,17,119.9720792251985,105.25720106388998,14.714878161308519,1300.0400000000002,60,2200,2140,2081.05,2012.5500000000004,4093.6000000000004,105.71586458758799,106.33276191895851,-0.6168973313705237,1.8460970431679022,3,3,260104,260115,JL,IK,CH
JL-AM-IK,3,56.787,3.5219328367408034,1.6758357935729011,7.533123035098413,8.085106743934801,-0.5519837088363886,99,94,87.41799999999999,82.155,5,113.2489876226864,114.41786866289331,-1.1688810402069123,1300.0400000000002,60,2200,2140,2081.05,2012.5500000000004,4093.6000000000004,105.71586458758799,106.33276191895851,-0.6168973313705237,1.8460970431679022,3,3,260104,260115,JL,AM,IK
JL-AM-CH,3,56.694,8.466504391999154,6.620407348831251,13.00109625821436,6.8043867841768275,6.196709474037533,106,94,89.288,83.08500000000001,12,118.71696084580235,113.13714870313534,5.579812142667009,1300.0400000000002,60,2200,2140,2081.05,2012.5500000000004,4093.6000000000004,105.71586458758799,106.33276191895851,-0.6168973313705237,1.8460970431679022,3,3,260104,260115,JL,AM,CH
IK-MH-CH,3,55.961,9.292185629277533,7.446088586109631,7.62132535845879,-6.770595542181695,14.391920900640486,96,83,84.703,83.36500000000001,13,113.33718994604678,99.56216637677682,13.775023569269962,1300.0400000000002,60,2200,2140,2081.05,2012.5500000000004,4093.6000000000004,105.71586458758799,106.33276191895851,-0.6168973313705237,1.8460970431679022,3,3,260104,260115,IK,MH,CH
JL-IK-MH,3,55.932,10.012157619967102,8.1660605767992,18.79360146690712,10.56352244914548,8.23007901776164,112,98,89.953,83.83500000000001,14,124.5094660544951,116.89628436810399,7.6131816863911155,1300.0400000000002,60,2200,2140,2081.05,2012.5500000000004,4093.6000000000004,105.71586458758799,106.33276191895851,-0.6168973313705237,1.8460970431679022,3,3,260104,260115,JL,IK,MH
JL-AM-MH,3,54.404,2.9409602235129766,1.0948631803450743,9.986425401300025,16.59987859811899,-6.613453196818966,101,97,87.29299999999999,78.905,4,115.70228998888801,122.9326405170775,-7.23035052818949,1300.0400000000002,60,2200,2140,2081.05,2012.5500000000004,4093.6000000000004,105.71586458758799,106.33276191895851,-0.6168973313705237,1.8460970431679022,3,3,260104,260115,JL,AM,MH
JL-MH-CH,3,49.861000000000004,12.835683199294037,10.989586156126135,18.173242020252445,3.7269656161062557,14.44627640414619,98,82,79.103,74.505,16,123.88910660784043,110.05972753506477,13.829379072775666,1300.0400000000002,60,2200,2140,2081.05,2012.5500000000004,4093.6000000000004,105.71586458758799,106.33276191895851,-0.6168973313705237,1.8460970431679022,3,3,260104,260115,JL,MH,CH
AM-ZO-MH,3,28.479,4.213631096597493,2.3675340534295906,-11.190460885343,-17.011602728803695,5.821141843460694,48,45,50.78,50.38,3,94.52540370224499,89.32115919015482,5.20424451209017,1300.0400000000002,60,2200,2140,2081.05,2012.5500000000004,4093.6000000000004,105.71586458758799,106.33276191895851,-0.6168973313705237,1.8460970431679022,3,3,260104,260115,AM,ZO,MH
AM-MH-PR,3,23.899,-8.368550985396878,-10.21464802856478,-26.609303396336244,-6.664987832579769,-19.944315563756476,34,39,42.98,39.13,-5,79.10656119125174,99.66777408637874,-20.561212895127,1300.0400000000002,60,2200,2140,2081.05,2012.5500000000004,4093.6000000000004,105.71586458758799,106.33276191895851,-0.6168973313705237,1.8460970431679022,3,3,260104,260115,AM,MH,PR
AM-ZO-PR,3,23.667,16.901170406050618,15.055073362882716,-18.352067174527107,-35.661383827085714,17.309316652558607,36,26,41.207,36.79,10,87.36379741306088,70.6713780918728,16.692419321188083,1300.0400000000002,60,2200,2140,2081.05,2012.5500000000004,4093.6000000000004,105.71586458758799,106.33276191895851,-0.6168973313705237,1.8460970431679022,3,3,260104,260115,AM,ZO,PR
AM-IK-PR,3,22.825,-17.524644030668128,-19.37074107383603,-5.083317146529907,29.82457544866631,-34.907892595196216,35,45,34.78,33.05,-10,100.63254744105808,136.15733736762482,-35.52478992656674,1300.0400000000002,60,2200,2140,2081.05,2012.5500000000004,4093.6000000000004,105.71586458758799,106.33276191895851,-0.6168973313705237,1.8460970431679022,3,3,260104,260115,AM,IK,PR
AM-AC-MH,3,21.014,-7.613971637955649,-9.46006868112355,-39.89174663076861,-28.9168516146339,-10.97489501613471,25,29,37.980000000000004,37.46,-4,65.82411795681938,77.41591030432461,-11.591792347505233,1300.0400000000002,60,2200,2140,2081.05,2012.5500000000004,4093.6000000000004,105.71586458758799,106.33276191895851,-0.6168973313705237,1.8460970431679022,3,3,260104,260115,AM,AC,MH
JL-IK-PR,3,19.069,-16.781163144370446,-18.627260187538347,14.570221238159732,46.15791920608385,-31.587697967924115,37,45,30.76,29.509999999999998,-8,120.28608582574772,152.49068112504236,-32.20459529929464,1300.0400000000002,60,2200,2140,2081.05,2012.5500000000004,4093.6000000000004,105.71586458758799,106.33276191895851,-0.6168973313705237,1.8460970431679022,3,3,260104,260115,JL,IK,PR
AM-AC-PR,3,18.95,14.775725593667547,12.929628550499645,-33.15789379217122,-52.51826366001581,19.36036986784459,24,17,33.077,31.59,7,72.55797079541676,53.8144982589427,18.743472536474066,1300.0400000000002,60,2200,2140,2081.05,2012.5500000000004,4093.6000000000004,105.71586458758799,106.33276191895851,-0.6168973313705237,1.8460970431679022,3,3,260104,260115,AM,AC,PR
AM-AC-ZO,3,18.842,10.614584439019213,8.768487395851311,-21.17442362569426,-37.83961123402702,16.665187608332758,27,22,31.937,32.120000000000005,5,84.54144096189373,68.49315068493149,16.048290276962234,1300.0400000000002,60,2200,2140,2081.05,2012.5500000000004,4093.6000000000004,105.71586458758799,106.33276191895851,-0.6168973313705237,1.8460970431679022,3,3,260104,260115,AM,AC,ZO
ZO-MH-PR,3,17.468,22.89901534234028,21.05291829917238,-13.708964070049177,-35.20440757042958,21.495443500380404,32,22,34.78,30.93,10,92.00690051753881,71.12835434852893,20.87854616900988,1300.0400000000002,60,2200,2140,2081.05,2012.5500000000004,4093.6000000000004,105.71586458758799,106.33276191895851,-0.6168973313705237,1.8460970431679022,3,3,260104,260115,ZO,MH,PR
AM-IK-ZO,3,16.367,2.4439420785727375,0.5978450354048352,-1.3075119193745195,-10.709370966402417,9.401859047027898,27,26,25.86,27.19,1,104.40835266821347,95.6233909525561,8.784961715657374,1300.0400000000002,60,2200,2140,2081.05,2012.5500000000004,4093.6000000000004,105.71586458758799,106.33276191895851,-0.6168973313705237,1.8460970431679022,3,3,260104,260115,AM,IK,ZO
IK-MH-PR,3,16.185,2.4714241581711462,0.625327115003244,21.886553142432163,32.45193425508501,-10.565381112652844,38,37,29.78,26.66,1,127.60241773002015,138.78469617404352,-11.182278444023368,1300.0400000000002,60,2200,2140,2081.05,2012.5500000000004,4093.6000000000004,105.71586458758799,106.33276191895851,-0.6168973313705237,1.8460970431679022,3,3,260104,260115,IK,MH,PR
AC-ZO-MH,3,16.149,7.43080066877206,5.584703625604157,-18.096816968540367,-37.9800619873112,19.883245018770836,23,20,26.25,29.259999999999998,3,87.61904761904762,68.35269993164731,19.266347687400312,1300.0400000000002,60,2200,2140,2081.05,2012.5500000000004,4093.6000000000004,105.71586458758799,106.33276191895851,-0.6168973313705237,1.8460970431679022,3,3,260104,260115,AC,ZO,MH
AM-ZO-CH,3,16.019,-7.491104313627568,-9.33720135679547,0.9101826325186408,6.599842816924891,-5.68966018440625,28,31,26.26,27.450000000000003,-3,106.62604722010663,112.9326047358834,-6.306557515776774,1300.0400000000002,60,2200,2140,2081.05,2012.5500000000004,4093.6000000000004,105.71586458758799,106.33276191895851,-0.6168973313705237,1.8460970431679022,3,3,260104,260115,AM,ZO,CH
JL-AC-IK,3,15.31,5.2253429131286735,3.379245869960771,27.833305788777864,17.370350610969652,10.462955177808212,33,31,24.71,25.060000000000002,2,133.54917037636585,123.70311252992816,9.846057846437688,1300.0400000000002,60,2200,2140,2081.05,2012.5500000000004,4093.6000000000004,105.71586458758799,106.33276191895851,-0.6168973313705237,1.8460970431679022,3,3,260104,260115,JL,AC,IK
AC-MH-PR,3,15.189,15.800908552241754,13.954811509073853,-9.130835267132653,-28.29090310377582,19.160067836643165,28,22,28.99,28.189999999999998,6,96.58502932045533,78.04185881518269,18.54317050527264,1300.0400000000002,60,2200,2140,2081.05,2012.5500000000004,4093.6000000000004,105.71586458758799,106.33276191895851,-0.6168973313705237,1.8460970431679022,3,3,260104,260115,AC,MH,PR
AM-MH-CH,4,58.52,15.037593984962406,8.370927318295738,12.806405412987232,2.3489391937947914,10.45746621919244,118,96,100.657,100.39,22,117.22980021260321,95.62705448749875,21.602745725104455,1200.0,200,2110,1910,2020.62,2047.64,4068.26,104.42339479961598,93.27811529370396,11.145279505912015,6.666666666666667,3,3,260117,260124,AM,MH,CH
JL-AM-MH,4,55.324000000000005,13.73725688670378,7.070590220037112,2.9347685499587044,-7.602995348536027,10.537763898494731,104,85,96.872,99.21199999999999,19,107.35816334957468,85.67511994516794,21.683043404406746,1200.0,200,2110,1910,2020.62,2047.64,4068.26,104.42339479961598,93.27811529370396,11.145279505912015,6.666666666666667,3,3,260117,260124,JL,AM,MH
JL-AM-CH,4,54.208,15.495867768595042,8.829201101928376,8.86389741623988,-7.17406425371226,16.03796166995214,104,83,91.802,96.395,21,113.28729221585586,86.1040510399917,27.183241175864154,1200.0,200,2110,1910,2020.62,2047.64,4068.26,104.42339479961598,93.27811529370396,11.145279505912015,6.666666666666667,3,3,260117,260124,JL,AM,CH
AM-IK-CH,4,50.849000000000004,29.105783791224997,22.43911712455833,17.61995964915488,-12.673103558562545,30.293063207717424,105,68,86.035,84.362,37,122.04335444877086,80.60501173514142,41.43834271362944,1200.0,200,2110,1910,2020.62,2047.64,4068.26,104.42339479961598,93.27811529370396,11.145279505912015,6.666666666666667,3,3,260117,260124,AM,IK,CH
JL-MH-CH,4,45.772,25.3430044568732,18.67633779020653,11.138061766487638,-12.89723357726298,24.03529534375062,94,65,81.342,80.865,29,115.56145656610362,80.38088171644098,35.180574849662634,1200.0,200,2110,1910,2020.62,2047.64,4068.26,104.42339479961598,93.27811529370396,11.145279505912015,6.666666666666667,3,3,260117,260124,JL,MH,CH
JL-AM-IK,4,39.533,32.37801330533984,25.711346638673174,22.88791165688599,-15.622131302783743,38.51004295966973,84,52,65.98,66.962,32,127.31130645650197,77.65598399092022,49.65532246558175,1200.0,200,2110,1910,2020.62,2047.64,4068.26,104.42339479961598,93.27811529370396,11.145279505912015,6.666666666666667,3,3,260117,260124,JL,AM,IK
AM-IK-MH,4,38.683,29.98733293694905,23.32066627028238,22.850693693309097,-7.601422414049111,30.452116107358208,85,56,66.785,65.362,29,127.27408849292507,85.67669287965485,41.59739561327022,1200.0,200,2110,1910,2020.62,2047.64,4068.26,104.42339479961598,93.27811529370396,11.145279505912015,6.666666666666667,3,3,260117,260124,AM,IK,MH
JL-IK-CH,4,37.696,29.71137521222411,23.04470854555744,23.005722753744976,-11.890774155533293,34.89649690927827,80,52,62.78,63.891999999999996,28,127.42911755336095,81.38734113817067,46.041776415190284,1200.0,200,2110,1910,2020.62,2047.64,4068.26,104.42339479961598,93.27811529370396,11.145279505912015,6.666666666666667,3,3,260117,260124,JL,IK,CH
IK-MH-CH,4,35.363,26.015892316828324,19.349225650161657,23.85459497062027,-0.39680434034364964,24.25139931096392,79,56,61.585,60.291999999999994,23,128.27798977023625,92.88131095336031,35.396678816875934,1200.0,200,2110,1910,2020.62,2047.64,4068.26,104.42339479961598,93.27811529370396,11.145279505912015,6.666666666666667,3,3,260117,260124,IK,MH,CH
JL-IK-MH,4,34.53,34.75238922675934,28.085722560092673,21.95379249785647,-10.36510486048347,32.31889735833994,78,48,61.720000000000006,57.891999999999996,30,126.37718729747245,82.91301043322049,43.464176864251954,1200.0,200,2110,1910,2020.62,2047.64,4068.26,104.42339479961598,93.27811529370396,11.145279505912015,6.666666666666667,3,3,260117,260124,JL,IK,MH
AM-AC-MH,4,33.802,-11.833619312466718,-18.500285979133384,-16.18598213664687,4.671581726301014,-20.857563862947885,49,59,55.532,60.235,-10,88.2374126629691,97.94969702000498,-9.71228435703587,1200.0,200,2110,1910,2020.62,2047.64,4068.26,104.42339479961598,93.27811529370396,11.145279505912015,6.666666666666667,3,3,260117,260124,AM,AC,MH
AM-AC-CH,4,28.333000000000002,-11.294250520594359,-17.960917187261025,-12.034654431633584,17.279093036279164,-29.313747467912748,47,55,50.872,49.748,-8,92.3887403679824,110.55720832998313,-18.168467962000733,1200.0,200,2110,1910,2020.62,2047.64,4068.26,104.42339479961598,93.27811529370396,11.145279505912015,6.666666666666667,3,3,260117,260124,AM,AC,CH
JL-AM-AC,4,26.257,-24.374452526945195,-31.041119193611863,-25.73988236762102,9.877224512121288,-35.61710687974231,35,51,44.482,49.44,-16,78.68351243199496,103.15533980582525,-24.471827373830294,1200.0,200,2110,1910,2020.62,2047.64,4068.26,104.42339479961598,93.27811529370396,11.145279505912015,6.666666666666667,3,3,260117,260124,JL,AM,AC
JL-AC-MH,4,25.857,4.640909618285184,-2.0257570483814833,-16.582737751501256,-13.156850676986764,-3.425887074514492,40,37,45.537,46.18,3,87.84065704811472,80.1212646167172,7.719392431397523,1200.0,200,2110,1910,2020.62,2047.64,4068.26,104.42339479961598,93.27811529370396,11.145279505912015,6.666666666666667,3,3,260117,260124,JL,AC,MH
AC-MH-CH,4,25.735,6.217213911016126,-0.4494527556505412,-2.657986189377496,4.491799506798856,-7.149785696176352,46,42,45.202,42.958,4,101.76540861023848,97.76991480050282,3.995493809735663,1200.0,200,2110,1910,2020.62,2047.64,4068.26,104.42339479961598,93.27811529370396,11.145279505912015,6.666666666666667,3,3,260117,260124,AC,MH,CH
AM-ZO-CH,4,23.663,11.832819169167054,5.166152502500387,6.674000583670022,10.221816614235578,-3.5478160305655564,45,38,40.505,36.715,7,111.097395383286,103.49993190793954,7.5974634753464585,1200.0,200,2110,1910,2020.62,2047.64,4068.26,104.42339479961598,93.27811529370396,11.145279505912015,6.666666666666667,3,3,260117,260124,AM,ZO,CH
AM-ZO-MH,4,22.316,0.0,-6.666666666666667,17.51012240171947,29.117338589437523,-11.607216187718052,42,42,34.445,34.315,0,121.93351720133545,122.39545388314149,-0.4619366818060371,1200.0,200,2110,1910,2020.62,2047.64,4068.26,104.42339479961598,93.27811529370396,11.145279505912015,6.666666666666667,3,3,260117,260124,AM,ZO,MH
JL-AC-CH,4,20.307,-9.848820603732703,-16.51548727039937,-12.63434273019007,8.42677992348952,-21.06112265367959,33,38,35.952,37.363,-5,91.7890520694259,101.70489521719348,-9.915843147767575,1200.0,200,2110,1910,2020.62,2047.64,4068.26,104.42339479961598,93.27811529370396,11.145279505912015,6.666666666666667,3,3,260117,260124,JL,AC,CH
AM-IK-ZO,4,19.533,34.81288076588338,28.14621409921671,3.181665546465169,-27.184262022058235,30.365927568523404,37,20,34.385,30.26,17,107.60506034608115,66.09385327164573,41.51120707443542,1200.0,200,2110,1910,2020.62,2047.64,4068.26,104.42339479961598,93.27811529370396,11.145279505912015,6.666666666666667,3,3,260117,260124,AM,IK,ZO
AM-AC-ZO,4,17.512,-11.420740063956144,-18.08740673062281,-2.5025794330930466,10.106910552552506,-12.609489985645553,26,31,25.509999999999998,29.985,-5,101.92081536652293,103.38502584625647,-1.4642104797335378,1200.0,200,2110,1910,2020.62,2047.64,4068.26,104.42339479961598,93.27811529370396,11.145279505912015,6.666666666666667,3,3,260117,260124,AM,AC,ZO
AM-ZO-KJ,4,15.767000000000001,12.684721253250459,6.0180545865837916,-35.410282308242614,-39.437483563624994,4.02720125538238,20,15,28.98,27.86,5,69.01311249137336,53.84063173007897,15.172480761294395,1200.0,200,2110,1910,2020.62,2047.64,4068.26,104.42339479961598,93.27811529370396,11.145279505912015,6.666666666666667,3,3,260117,260124,AM,ZO,KJ
ZO-MH-CH,4,15.618,7.683442182097579,1.0167755154309122,32.81172124478363,39.28549385746135,-6.47377261267772,34,31,24.775,23.384999999999998,3,137.2351160443996,132.5636091511653,4.6715068932342945,1200.0,200,2110,1910,2020.62,2047.64,4068.26,104.42339479961598,93.27811529370396,11.145279505912015,6.666666666666667,3,3,260117,260124,ZO,MH,CH
