lineup,poss_total,PM_p40,plus_minus,net_rtg,minutes,o_poss,d_poss,pts_for,pts_against,o_eFG%,o_TOV%,o_orbR,o_ftaR,off_rtg,d_eFG%,d_TOV%,d_orbR,d_ftaR,def_rtg,rel_PM_p40,rel_off_rtg,rel_def_rtg,rel_net_rtg,team_minutes,team_plus_minus,team_pts_for,team_pts_against,team_o_poss,team_d_poss,team_poss_total,team_off_rtg,team_def_rtg,team_net_rtg,team_PM_p40
JL-AM-IK-MH-CH,394.252,14.725,46,18.325,124.955,202.005,192.248,223,177,0.49,0.114,0.163,0.196,110.393,0.464,0.218,0.13,0.194,92.069,12.281,6.236,-8.594,14.83,539.998,33,933,900,895.758,894.071,1789.829,104.158,100.663,3.494,2.444
JL-AM-AC-MH-CH,126.588,0.0,0,3.299,35.728,62.262,64.327,64,64,0.347,0.128,0.273,0.403,102.792,0.537,0.295,0.171,0.829,99.492,-2.444,-1.366,-1.171,-0.195,539.998,33,933,900,895.758,894.071,1789.829,104.158,100.663,3.494,2.444
AM-AC-ZO-MH-CH,82.005,-20.262,-13,-22.853,25.663,39.43,42.575,41,54,0.407,0.127,0.279,0.186,103.982,0.597,0.211,0.164,0.389,126.835,-22.707,-0.176,26.172,-26.348,539.998,33,933,900,895.758,894.071,1789.829,104.158,100.663,3.494,2.444
JL-AM-IK-MH-PR,85.741,12.936,8,13.634,24.737,43.76,41.981,56,48,0.419,0.183,0.297,0.784,127.971,0.597,0.191,0.119,0.278,114.337,10.492,23.813,13.674,10.14,539.998,33,933,900,895.758,894.071,1789.829,104.158,100.663,3.494,2.444
AM-IK-ZO-MH-CH,73.165,-15.473,-9,-12.084,23.267,34.455,38.71,35,44,0.552,0.174,0.145,0.276,101.582,0.542,0.181,0.181,0.222,113.666,-17.917,-2.576,13.003,-15.578,539.998,33,933,900,895.758,894.071,1789.829,104.158,100.663,3.494,2.444
JL-AM-IK-PR-CH,56.9,-15.109,-7,-19.657,18.532,27.72,29.18,24,31,0.37,0.18,0.18,0.435,86.58,0.583,0.343,0.206,0.167,106.237,-17.554,-17.577,5.574,-23.152,539.998,33,933,900,895.758,894.071,1789.829,104.158,100.663,3.494,2.444
AM-AC-ZO-MH-PR,62.045,22.251,10,40.448,17.977,29.52,32.525,31,21,0.44,0.136,0.136,0.48,105.014,0.381,0.338,0.061,0.381,64.566,19.807,0.856,-36.097,36.953,539.998,33,933,900,895.758,894.071,1789.829,104.158,100.663,3.494,2.444
JL-AC-IK-MH-CH,48.7,0.0,0,5.002,14.73,23.78,24.92,26,26,0.432,0.21,0.252,0.364,109.336,0.523,0.241,0.161,0.136,104.334,-2.444,5.178,3.671,1.507,539.998,33,933,900,895.758,894.071,1789.829,104.158,100.663,3.494,2.444
AM-IK-ZO-KJ-CH,44.59,30.303,10,33.659,13.2,24.19,20.4,20,10,0.413,0.165,0.124,0.043,82.679,0.357,0.294,0.0,0.071,49.02,27.859,-21.479,-51.644,30.165,539.998,33,933,900,895.758,894.071,1789.829,104.158,100.663,3.494,2.444
AM-AC-ZO-KJ-PR,37.207,0.0,0,8.577,12.402,17.617,19.59,15,15,0.469,0.17,0.114,0.062,85.146,0.469,0.306,0.153,0.125,76.57,-2.444,-19.011,-24.093,5.082,539.998,33,933,900,895.758,894.071,1789.829,104.158,100.663,3.494,2.444
JL-AM-AC-MH-PR,45.813,3.309,1,-6.17,12.088,24.19,21.623,22,21,0.429,0.165,0.124,0.286,90.947,0.447,0.324,0.277,0.316,97.117,0.865,-13.211,-3.546,-9.665,539.998,33,933,900,895.758,894.071,1789.829,104.158,100.663,3.494,2.444
JL-AM-ZO-MH-CH,43.3,-25.184,-7,-8.068,11.118,19.32,23.98,21,28,0.469,0.207,0.207,0.562,108.696,0.524,0.292,0.25,0.286,116.764,-27.628,4.538,16.101,-11.563,539.998,33,933,900,895.758,894.071,1789.829,104.158,100.663,3.494,2.444
AM-IK-ZO-MH-PR,36.25,21.654,6,15.638,11.083,19.73,16.52,21,15,0.679,0.304,0.051,0.143,106.437,0.406,0.242,0.242,0.125,90.799,19.21,2.279,-9.864,12.143,539.998,33,933,900,895.758,894.071,1789.829,104.158,100.663,3.494,2.444
JL-AC-IK-KJ-CH,30.05,-12.623,-3,-8.661,9.507,14.25,15.8,15,18,0.367,0.211,0.351,0.267,105.263,0.667,0.19,0.0,0.167,113.924,-15.067,1.106,13.261,-12.155,539.998,33,933,900,895.758,894.071,1789.829,104.158,100.663,3.494,2.444
JL-AM-IK-KJ-CH,26.385,32.812,7,78.455,8.533,11.055,15.33,13,6,0.423,0.09,0.271,0.154,117.594,0.25,0.391,0.065,0.1,39.139,30.368,13.436,-61.524,74.96,539.998,33,933,900,895.758,894.071,1789.829,104.158,100.663,3.494,2.444
AC-IK-ZO-MH-CH,24.79,31.373,6,55.143,7.65,11.93,12.86,14,8,0.583,0.084,0.084,0.0,117.351,0.5,0.544,0.156,0.0,62.208,28.928,13.194,-38.455,51.648,539.998,33,933,900,895.758,894.071,1789.829,104.158,100.663,3.494,2.444
JL-AC-ZO-MH-CH,29.26,36.697,7,38.451,7.63,15.33,13.93,18,11,0.6,0.13,0.065,1.1,117.417,0.643,0.431,0.144,0.714,78.966,34.253,13.259,-21.697,34.956,539.998,33,933,900,895.758,894.071,1789.829,104.158,100.663,3.494,2.444
JL-IK-ZO-MH-CH,33.595,52.992,10,51.551,7.548,17.395,16.2,24,14,0.731,0.115,0.172,0.769,137.971,0.643,0.37,0.0,1.143,86.42,50.547,33.813,-14.243,48.056,539.998,33,933,900,895.758,894.071,1789.829,104.158,100.663,3.494,2.444
AM-IK-ZO-PR-CH,25.33,-21.818,-4,-12.345,7.333,10.93,14.4,7,11,0.35,0.183,0.091,0.0,64.044,0.5,0.278,0.0,0.1,76.389,-24.263,-40.114,-24.274,-15.839,539.998,33,933,900,895.758,894.071,1789.829,104.158,100.663,3.494,2.444
AM-AC-ZO-PR-CH,22.66,-10.992,-2,-36.57,7.278,12.0,10.66,17,19,0.773,0.083,0.0,0.0,141.667,0.667,0.094,0.188,0.778,178.236,-13.436,37.509,77.573,-40.064,539.998,33,933,900,895.758,894.071,1789.829,104.158,100.663,3.494,2.444
AM-AC-IK-MH-CH,22.53,-22.378,-4,-40.659,7.15,11.8,10.73,4,8,0.188,0.254,0.0,0.25,33.898,0.438,0.28,0.093,0.25,74.557,-24.822,-70.259,-26.106,-44.153,539.998,33,933,900,895.758,894.071,1789.829,104.158,100.663,3.494,2.444
JL-AM-AC-KJ-CH,25.38,-63.279,-11,-89.975,6.953,12.85,12.53,11,22,0.308,0.311,0.311,0.231,85.603,0.818,0.08,0.08,0.364,175.579,-65.723,-18.554,74.915,-93.47,539.998,33,933,900,895.758,894.071,1789.829,104.158,100.663,3.494,2.444
AM-AC-ZO-KJ-CH,21.11,-60.521,-9,-68.988,5.948,9.92,11.19,10,19,0.318,0.202,0.403,0.273,100.806,0.722,0.268,0.268,0.667,169.794,-62.966,-3.351,69.131,-72.482,539.998,33,933,900,895.758,894.071,1789.829,104.158,100.663,3.494,2.444
JL-AC-IK-MH-PR,22.66,20.397,3,-1.038,5.883,12.4,10.26,18,15,0.929,0.242,0.0,0.857,145.161,0.7,0.195,0.195,0.1,146.199,17.952,41.004,45.536,-4.532,539.998,33,933,900,895.758,894.071,1789.829,104.158,100.663,3.494,2.444
JL-AC-ZO-KJ-CH,18.315,-14.252,-2,-35.536,5.613,9.515,8.8,15,17,0.385,0.0,0.736,0.462,157.646,1.143,0.114,0.0,0.286,193.182,-16.696,53.488,92.519,-39.03,539.998,33,933,900,895.758,894.071,1789.829,104.158,100.663,3.494,2.444
JL-AM-AC-KJ-PR,18.73,44.61,6,43.998,5.38,10.0,8.73,17,11,1.083,0.2,0.0,0.833,170.0,0.562,0.115,0.115,0.25,126.002,42.165,65.842,25.339,40.503,539.998,33,933,900,895.758,894.071,1789.829,104.158,100.663,3.494,2.444
JL-AM-AC-PR-CH,16.46,8.136,1,14.072,4.917,8.13,8.33,7,6,0.5,0.369,0.123,0.6,86.101,0.375,0.12,0.24,0.125,72.029,5.691,-18.057,-28.634,10.578,539.998,33,933,900,895.758,894.071,1789.829,104.158,100.663,3.494,2.444
JL-AM-ZO-PR-CH,10.72,9.32,1,-11.025,4.292,5.86,4.86,9,8,0.562,0.0,0.341,0.0,153.584,0.667,0.206,0.412,0.0,164.609,6.876,49.426,63.946,-14.52,539.998,33,933,900,895.758,894.071,1789.829,104.158,100.663,3.494,2.444
JL-AM-IK-KJ-PR,13.79,-37.795,-4,-54.492,4.233,6.79,7.0,6,10,0.333,0.147,0.442,0.0,88.365,0.833,0.143,0.0,0.0,142.857,-40.24,-15.792,42.194,-57.986,539.998,33,933,900,895.758,894.071,1789.829,104.158,100.663,3.494,2.444
AM-AC-IK-PR-CH,13.73,19.95,2,30.239,4.01,6.8,6.93,5,3,0.833,0.441,0.0,0.667,73.529,0.214,0.144,0.144,0.0,43.29,17.506,-30.628,-57.373,26.745,539.998,33,933,900,895.758,894.071,1789.829,104.158,100.663,3.494,2.444
JL-AC-ZO-PR-CH,10.0,-50.336,-5,-100.0,3.973,5.0,5.0,5,10,0.833,0.4,0.0,0.0,100.0,1.25,0.2,0.0,0.0,200.0,-52.78,-4.158,99.337,-103.494,539.998,33,933,900,895.758,894.071,1789.829,104.158,100.663,3.494,2.444
JL-IK-ZO-MH-PR,16.99,32.772,3,21.009,3.662,9.19,7.8,9,6,0.5,0.326,0.435,0.111,97.933,0.5,0.385,0.0,0.5,76.923,30.328,-6.225,-23.74,17.515,539.998,33,933,900,895.758,894.071,1789.829,104.158,100.663,3.494,2.444
AM-IK-ZO-KJ-PR,6.79,0.0,0,38.079,3.07,2.86,3.93,4,4,0.5,0.35,0.699,0.0,139.86,0.4,0.0,0.254,0.0,101.781,-2.444,35.703,1.118,34.585,539.998,33,933,900,895.758,894.071,1789.829,104.158,100.663,3.494,2.444
AC-IK-ZO-KJ-CH,13.73,13.043,1,-5.714,3.067,7.73,6.0,6,5,0.5,0.259,0.259,0.333,77.62,1.25,0.667,0.0,0.0,83.333,10.599,-26.538,-17.33,-9.208,539.998,33,933,900,895.758,894.071,1789.829,104.158,100.663,3.494,2.444
AC-IK-ZO-KJ-PR,7.93,13.769,1,11.809,2.905,4.2,3.73,5,4,0.333,0.0,0.0,1.0,119.048,0.5,0.536,0.268,1.0,107.239,11.325,14.89,6.575,8.315,539.998,33,933,900,895.758,894.071,1789.829,104.158,100.663,3.494,2.444
JL-AM-IK-ZO-MH,9.13,59.259,4,64.494,2.7,5.2,3.93,6,2,0.667,0.192,0.0,1.0,115.385,0.333,0.509,0.254,0.0,50.891,56.815,11.227,-49.773,61.0,539.998,33,933,900,895.758,894.071,1789.829,104.158,100.663,3.494,2.444
JL-AM-ZO-MH-AM7,9.0,-14.824,-1,-50.0,2.698,5.0,4.0,5,6,0.625,0.2,0.0,0.0,100.0,0.75,0.0,0.0,0.0,150.0,-17.268,-4.158,49.337,-53.494,539.998,33,933,900,895.758,894.071,1789.829,104.158,100.663,3.494,2.444
MS-AC-KJ-LL-AM7,8.992,15.19,1,49.85,2.633,4.0,4.992,6,5,0.75,0.0,0.0,0.0,150.0,0.0,0.401,0.601,2.0,100.15,12.745,45.842,-0.513,46.355,539.998,33,933,900,895.758,894.071,1789.829,104.158,100.663,3.494,2.444
AC-IK-ZO-MH-PR,10.86,-93.506,-6,-128.545,2.567,5.93,4.93,2,8,0.2,0.337,0.169,0.0,33.727,0.8,0.203,0.203,0.0,162.272,-95.951,-70.431,61.609,-132.039,539.998,33,933,900,895.758,894.071,1789.829,104.158,100.663,3.494,2.444
JL-AC-ZO-KJ-PR,8.92,-31.373,-2,-48.806,2.55,4.59,4.33,2,4,0.0,0.436,0.654,0.4,43.573,0.0,0.231,0.231,3.0,92.379,-33.817,-60.585,-8.284,-52.3,539.998,33,933,900,895.758,894.071,1789.829,104.158,100.663,3.494,2.444
AM-AC-MH-PR-CH,11.6,-16.238,-1,-39.216,2.463,6.8,4.8,3,4,0.2,0.147,0.0,0.4,44.118,0.333,0.208,0.0,0.667,83.333,-18.683,-60.04,-17.33,-42.71,539.998,33,933,900,895.758,894.071,1789.829,104.158,100.663,3.494,2.444
MS-JL-AM-MH-CH,7.8,34.783,2,-8.333,2.3,4.8,3.0,6,4,0.667,0.208,0.0,0.667,125.0,0.667,0.0,0.0,0.0,133.333,32.338,20.842,32.67,-11.828,539.998,33,933,900,895.758,894.071,1789.829,104.158,100.663,3.494,2.444
JL-AM-AC-MH-AM7,5.86,-105.882,-6,-152.672,2.267,1.93,3.93,0,6,0.0,0.0,0.518,0.0,0.0,0.75,0.254,0.254,0.0,152.672,-108.327,-104.158,52.009,-156.166,539.998,33,933,900,895.758,894.071,1789.829,104.158,100.663,3.494,2.444
AM-AC-KJ-PR-CH,5.66,36.09,2,83.709,2.217,2.66,3.0,4,2,0.25,0.0,0.752,0.5,150.376,0.333,0.0,0.0,0.0,66.667,33.646,46.218,-33.996,80.215,539.998,33,933,900,895.758,894.071,1789.829,104.158,100.663,3.494,2.444
JL-AC-ZO-MH-PR,6.768,18.898,1,20.972,2.117,4.768,2.0,1,0,0.0,0.419,0.629,0.4,20.972,0.0,1.0,0.5,0.0,0.0,16.453,-83.186,-100.663,17.477,539.998,33,933,900,895.758,894.071,1789.829,104.158,100.663,3.494,2.444
MS-JL-AM-MH-PR,5.8,-76.555,-4,-147.619,2.09,3.0,2.8,2,6,0.333,0.0,0.0,0.0,66.667,1.0,0.0,0.0,1.0,214.286,-78.999,-37.491,113.623,-151.114,539.998,33,933,900,895.758,894.071,1789.829,104.158,100.663,3.494,2.444
JL-AM-AC-KJ-AM7,3.8,-20.513,-1,-72.222,1.95,2.0,1.8,3,4,0.75,0.0,0.0,0.0,150.0,1.0,0.0,0.0,2.0,222.222,-22.957,45.842,121.559,-75.717,539.998,33,933,900,895.758,894.071,1789.829,104.158,100.663,3.494,2.444
AM-AC-IK-ZO-MH,6.8,21.938,1,40.351,1.823,3.0,3.8,2,1,0.333,0.0,0.0,0.0,66.667,0.0,0.526,0.0,2.0,26.316,19.493,-37.491,-74.347,36.856,539.998,33,933,900,895.758,894.071,1789.829,104.158,100.663,3.494,2.444
AM-AC-IK-KJ-AM7,5.4,22.222,1,8.333,1.8,3.0,2.4,4,3,1.0,0.333,0.0,0.0,133.333,0.5,0.0,0.0,0.5,125.0,19.778,29.176,24.337,4.839,539.998,33,933,900,895.758,894.071,1789.829,104.158,100.663,3.494,2.444
JL-IK-KJ-PR-AM7,4.93,-44.86,-2,-29.706,1.783,1.93,3.0,2,4,0.333,0.0,0.518,0.0,103.627,1.0,0.333,0.0,0.0,133.333,-47.304,-0.531,32.67,-33.201,539.998,33,933,900,895.758,894.071,1789.829,104.158,100.663,3.494,2.444
AM-IK-ZO-KJ-AM7,3.86,44.86,2,92.473,1.783,2.0,1.86,4,2,1.0,0.0,0.0,0.0,200.0,0.25,0.0,1.075,0.0,107.527,42.415,95.842,6.864,88.979,539.998,33,933,900,895.758,894.071,1789.829,104.158,100.663,3.494,2.444
AM-ZO-MH-PR-CH,5.8,44.944,2,52.632,1.78,3.8,2.0,2,0,0.0,0.263,0.0,1.0,52.632,0.0,0.0,0.0,0.0,0.0,42.499,-51.526,-100.663,49.137,539.998,33,933,900,895.758,894.071,1789.829,104.158,100.663,3.494,2.444
AM-AC-ZO-KJ-AM7,4.93,0.0,0,0.0,1.733,1.93,3.0,0,0,0.0,0.0,0.518,0.0,0.0,0.0,0.667,0.0,0.0,0.0,-2.444,-104.158,-100.663,-3.494,539.998,33,933,900,895.758,894.071,1789.829,104.158,100.663,3.494,2.444
MS-AM-AC-KJ-PR,5.0,0.0,0,0.0,1.667,2.0,3.0,0,0,0.0,0.0,0.0,0.0,0.0,0.0,0.333,0.0,0.0,0.0,-2.444,-104.158,-100.663,-3.494,539.998,33,933,900,895.758,894.071,1789.829,104.158,100.663,3.494,2.444
AM-AC-IK-KJ-CH,5.0,-121.212,-5,-166.667,1.65,2.0,3.0,0,5,0.0,0.0,0.0,0.0,0.0,1.25,0.333,0.0,0.0,166.667,-123.657,-104.158,66.004,-170.161,539.998,33,933,900,895.758,894.071,1789.829,104.158,100.663,3.494,2.444
JL-AM-ZO-PR-AM7,8.087,0.0,0,-2.652,1.633,4.087,4.0,5,5,0.5,0.0,0.245,0.5,122.348,1.25,0.5,0.0,0.0,125.0,-2.444,18.191,24.337,-6.146,539.998,33,933,900,895.758,894.071,1789.829,104.158,100.663,3.494,2.444
JL-AC-IK-KJ-PR,3.32,0.0,0,51.515,1.617,1.32,2.0,2,2,0.0,0.0,3.03,1.0,151.515,0.5,0.0,0.0,0.0,100.0,-2.444,47.358,-0.663,48.021,539.998,33,933,900,895.758,894.071,1789.829,104.158,100.663,3.494,2.444
AM-AC-IK-MH-PR,4.665,0.0,0,-2.483,1.567,2.4,2.265,1,1,0.0,0.0,0.0,0.5,41.667,0.0,0.442,0.442,2.0,44.15,-2.444,-62.491,-56.513,-5.978,539.998,33,933,900,895.758,894.071,1789.829,104.158,100.663,3.494,2.444
AM-AC-IK-KJ-PR,4.0,0.0,0,0.0,1.367,2.0,2.0,2,2,1.0,0.5,0.0,0.0,100.0,0.5,0.0,0.0,0.0,100.0,-2.444,-4.158,-0.663,-3.494,539.998,33,933,900,895.758,894.071,1789.829,104.158,100.663,3.494,2.444
MS-JL-IK-MH-CH,4.86,0.0,0,-40.86,1.33,3.0,1.86,2,2,0.5,0.333,0.0,0.0,66.667,0.25,0.0,1.075,0.0,107.527,-2.444,-37.491,6.864,-44.355,539.998,33,933,900,895.758,894.071,1789.829,104.158,100.663,3.494,2.444
MS-AM-IK-MH-PR,4.8,30.769,1,55.556,1.3,1.8,3.0,1,0,0.0,0.0,0.0,2.0,55.556,0.0,0.0,0.0,0.0,0.0,28.325,-48.602,-100.663,52.061,539.998,33,933,900,895.758,894.071,1789.829,104.158,100.663,3.494,2.444
JL-AC-IK-MH-AM7,3.93,64.865,2,107.254,1.233,1.93,2.0,4,2,0.667,0.0,0.518,0.0,207.254,0.5,0.0,0.0,0.0,100.0,62.42,103.096,-0.663,103.759,539.998,33,933,900,895.758,894.071,1789.829,104.158,100.663,3.494,2.444
JL-AM-ZO-KJ-AM7,6.59,-164.384,-5,-117.737,1.217,2.86,3.73,2,7,0.333,0.699,0.699,0.0,69.93,0.625,0.0,0.268,0.5,187.668,-166.828,-34.228,87.004,-121.232,539.998,33,933,900,895.758,894.071,1789.829,104.158,100.663,3.494,2.444
MS-AC-ZO-MH-CH,3.33,0.0,0,-171.245,1.1,2.33,1.0,3,3,0.333,0.0,0.429,0.333,128.755,1.5,0.0,0.0,0.0,300.0,-2.444,24.598,199.337,-174.739,539.998,33,933,900,895.758,894.071,1789.829,104.158,100.663,3.494,2.444
JL-AM-IK-PR-AM7,3.0,-78.689,-2,-100.0,1.017,1.0,2.0,0,2,0.0,1.0,0.0,0.0,0.0,0.5,0.0,0.0,0.0,100.0,-81.133,-104.158,-0.663,-103.494,539.998,33,933,900,895.758,894.071,1789.829,104.158,100.663,3.494,2.444
MS-JL-AM-KJ-AM7,2.93,0.0,0,0.0,1.0,1.93,1.0,0,0,0.0,0.518,0.518,0.0,0.0,0.0,0.0,0.0,0.0,0.0,-2.444,-104.158,-100.663,-3.494,539.998,33,933,900,895.758,894.071,1789.829,104.158,100.663,3.494,2.444
MS-AC-ZO-MH-AM7,4.2,-42.105,-1,-13.889,0.95,1.8,2.4,2,3,0.0,0.0,0.0,2.0,111.111,1.0,0.417,0.0,1.0,125.0,-44.55,6.954,24.337,-17.383,539.998,33,933,900,895.758,894.071,1789.829,104.158,100.663,3.494,2.444
MS-JL-IK-KJ-AM7,2.995,-128.114,-3,-145.278,0.937,0.93,2.065,0,3,0.0,1.075,1.075,0.0,0.0,0.0,0.0,0.484,4.0,145.278,-130.558,-104.158,44.615,-148.773,539.998,33,933,900,895.758,894.071,1789.829,104.158,100.663,3.494,2.444
JL-IK-ZO-KJ-PR,2.0,0.0,0,0.0,0.933,1.0,1.0,0,0,0.0,1.0,0.0,0.0,0.0,0.0,0.0,0.0,0.0,0.0,-2.444,-104.158,-100.663,-3.494,539.998,33,933,900,895.758,894.071,1789.829,104.158,100.663,3.494,2.444
MS-AM-ZO-KJ-CH,1.93,85.714,2,215.054,0.933,0.93,1.0,2,0,0.5,0.0,1.075,0.0,215.054,0.0,0.0,0.0,0.0,0.0,83.27,110.896,-100.663,211.559,539.998,33,933,900,895.758,894.071,1789.829,104.158,100.663,3.494,2.444
AM-AC-ZO-MH-AM7,1.93,87.273,2,215.054,0.917,0.93,1.0,2,0,0.5,0.0,1.075,0.0,215.054,0.0,0.0,0.0,0.0,0.0,84.828,110.896,-100.663,211.559,539.998,33,933,900,895.758,894.071,1789.829,104.158,100.663,3.494,2.444
MS-AM-ZO-MH-CH,3.0,-97.959,-2,0.0,0.817,1.0,2.0,2,4,1.0,0.0,0.0,0.0,200.0,1.0,0.0,0.0,0.0,200.0,-100.404,95.842,99.337,-3.494,539.998,33,933,900,895.758,894.071,1789.829,104.158,100.663,3.494,2.444
AM-IK-ZO-MH-AM7,2.8,0.0,0,0.0,0.752,1.8,1.0,0,0,0.0,0.0,0.0,2.0,0.0,0.0,1.0,0.0,0.0,0.0,-2.444,-104.158,-100.663,-3.494,539.998,33,933,900,895.758,894.071,1789.829,104.158,100.663,3.494,2.444
AM-AC-IK-ZO-KJ,1.93,120.0,2,215.054,0.667,0.93,1.0,2,0,0.5,0.0,1.075,0.0,215.054,0.0,0.0,0.0,0.0,0.0,117.556,110.896,-100.663,211.559,539.998,33,933,900,895.758,894.071,1789.829,104.158,100.663,3.494,2.444
JL-AM-IK-MH-AM7,2.2,0.0,0,-194.444,0.633,1.8,0.4,1,1,0.0,0.556,0.0,0.0,55.556,0.0,0.0,0.0,0.0,250.0,-2.444,-48.602,149.337,-197.939,539.998,33,933,900,895.758,894.071,1789.829,104.158,100.663,3.494,2.444
AM-AC-ZO-PR-AM7,2.4,-129.73,-2,0.0,0.617,0.8,1.6,2,4,0.0,0.0,0.0,0.0,250.0,0.0,0.0,0.0,0.0,250.0,-132.174,145.842,149.337,-3.494,539.998,33,933,900,895.758,894.071,1789.829,104.158,100.663,3.494,2.444
JL-IK-ZO-PR-CH,0.0,0.0,0,0.0,0.617,0.0,0.0,0,0,0.0,0.0,0.0,0.0,0.0,0.0,0.0,0.0,0.0,0.0,-2.444,-104.158,-100.663,-3.494,539.998,33,933,900,895.758,894.071,1789.829,104.158,100.663,3.494,2.444
JL-AC-ZO-KJ-MH,0.93,0.0,0,-0.0,0.6,-0.07,1.0,0,0,0.0,-0.0,-14.286,0.0,-0.0,0.0,0.0,0.0,0.0,0.0,-2.444,-104.158,-100.663,-3.494,539.998,33,933,900,895.758,894.071,1789.829,104.158,100.663,3.494,2.444
JL-AM-ZO-KJ-CH,1.8,0.0,0,-50.0,0.5,1.0,0.8,2,2,1.0,0.0,0.0,0.0,200.0,0.0,0.0,0.0,0.0,250.0,-2.444,95.842,149.337,-53.494,539.998,33,933,900,895.758,894.071,1789.829,104.158,100.663,3.494,2.444
AM-AC-KJ-MH-CH,1.8,-282.353,-2,-250.0,0.283,1.0,0.8,0,2,0.0,1.0,0.0,0.0,0.0,0.0,0.0,0.0,0.0,250.0,-284.797,-104.158,149.337,-253.494,539.998,33,933,900,895.758,894.071,1789.829,104.158,100.663,3.494,2.444
MS-AM-AC-MH-PR,1.8,184.615,1,125.0,0.217,0.8,1.0,1,0,0.0,0.0,0.0,0.0,125.0,0.0,0.0,0.0,0.0,0.0,182.171,20.842,-100.663,121.506,539.998,33,933,900,895.758,894.071,1789.829,104.158,100.663,3.494,2.444
JL-AM-AC-IK-MH,1.0,0.0,0,0.0,0.203,1.0,0.0,0,0,0.0,1.0,0.0,0.0,0.0,0.0,0.0,0.0,0.0,0.0,-2.444,-104.158,-100.663,-3.494,539.998,33,933,900,895.758,894.071,1789.829,104.158,100.663,3.494,2.444
JL-AM-IK-KJ-AM7,1.0,0.0,0,0.0,0.2,0.0,1.0,0,0,0.0,0.0,0.0,0.0,0.0,0.0,1.0,0.0,0.0,0.0,-2.444,-104.158,-100.663,-3.494,539.998,33,933,900,895.758,894.071,1789.829,104.158,100.663,3.494,2.444
AC-IK-ZO-PR-AM7,1.0,0.0,0,0.0,0.133,0.0,1.0,0,0,0.0,0.0,0.0,0.0,0.0,0.0,0.0,0.0,0.0,0.0,-2.444,-104.158,-100.663,-3.494,539.998,33,933,900,895.758,894.071,1789.829,104.158,100.663,3.494,2.444
JL-AM-ZO-MH-PR,1.8,1170.732,2,250.0,0.068,0.8,1.0,2,0,0.0,0.0,0.0,0.0,250.0,0.0,0.0,0.0,0.0,0.0,1168.287,145.842,-100.663,246.506,539.998,33,933,900,895.758,894.071,1789.829,104.158,100.663,3.494,2.444
MS-AM-AC-PR-CH,0.4,750.0,1,250.0,0.053,0.4,0.0,1,0,0.0,0.0,0.0,0.0,250.0,0.0,0.0,0.0,0.0,0.0,747.556,145.842,-100.663,246.506,539.998,33,933,900,895.758,894.071,1789.829,104.158,100.663,3.494,2.444
