player1,player2,player3,minutes,pts_for,pts_against,o_poss,d_poss,plus_minus,off_rtg,def_rtg,net_rtg,PM_p40,rel_PM_p40,rel_off_rtg,rel_def_rtg,rel_net_rtg
AM,MH,CH,235.524,401,389,386.67199999999997,385.17,12,103.70546613150165,100.99436612404911,2.7111000074525435,2.0380088653385644,-0.4064491594282402,-0.45201372636189774,0.33121968489604114,-0.7832334112579389
JL,AM,MH,221.585,408,363,375.067,363.219,45,108.78056453913567,99.93970579732888,8.840858741806784,8.123293544238102,5.678835519471297,4.623084681272118,-0.7234406418241832,5.3465253230963015
JL,AM,CH,217.828,380,348,355.002,354.585,32,107.04165046957482,98.14289944583105,8.89875102374377,5.876195897680739,3.431737872913934,2.8841706117112693,-2.5202469933220186,5.404417605033288
AM,IK,CH,208.63,331,295,330.955,330.928,36,100.0135970146999,89.1432577479089,10.870339266790992,6.902171308057326,4.457713283290522,-4.143882843163652,-11.519888691244162,7.37600584808051
JL,MH,CH,205.339,384,326,347.892,340.465,58,110.37908316374048,95.75139882219906,14.62768434154141,11.298389492497773,8.853931467730968,6.221603305876926,-4.911747616954003,11.133350922830928
AM,IK,MH,200.17,350,297,328.75,314.584,53,106.4638783269962,94.41039595147878,12.053482375517419,10.590997651995805,8.146539627229,2.3063984691326453,-6.252750487674291,8.559148956806936
JL,IK,MH,187.614,369,293,321.46,301.599,76,114.7887762085485,97.14886322567384,17.639912982874662,16.203481616510494,13.75902359174369,10.631296350684948,-3.5142832134792314,14.14557956416418
IK,MH,CH,186.63,328,279,304.365,297.528,49,107.76534752681812,93.7726869403888,13.992660586429324,10.502062905213524,8.05760488044672,3.607867668954569,-6.890459498764272,10.498327167718841
JL,IK,CH,185.752,327,274,299.205,295.538,53,109.28961748633881,92.71227388694516,16.577343599393657,11.413066884878763,8.968608860111958,5.132137628475263,-7.950872552207912,13.083010180683175
JL,AM,IK,185.743,329,277,300.33,293.069,52,109.54616588419405,94.51699087928098,15.029175004913071,11.198268575397188,8.753810550630384,5.388686026330504,-6.146155559872085,11.534841586202589
AM,AC,MH,108.346,171,182,185.062,189.375,-11,92.40146545482054,96.10561056105611,-3.704145106235572,-4.061063629483322,-6.505521654250127,-11.756014403043011,-4.557535878096957,-7.198478524946054
AM,AC,CH,104.313,167,208,176.052,178.872,-41,94.8583373094313,116.28427031620376,-21.425933006772453,-15.721913855415911,-18.166371880182716,-9.299142548432243,15.621123877050692,-24.920266425482936
AC,MH,CH,102.397,173,180,174.662,175.942,-7,99.04844785929394,102.3064418956247,-3.257994036330757,-2.73445511098958,-5.1789131357563845,-5.1090319985696055,1.643295456471634,-6.7523274550412395
AM,ZO,CH,102.129,168,199,162.835,172.57500000000002,-31,103.17192249823441,115.31218310879328,-12.140260610558869,-12.14150730938323,-14.585965334150035,-0.9855573596291407,14.64903666964021,-15.634594029269351
AM,ZO,MH,100.663,170,175,163.98499999999999,173.04,-5,103.66801841631859,101.1326860841424,2.535332332176182,-1.986827334770472,-4.431285359537276,-0.48946144154496096,0.4695396449893394,-0.9590010865343004
JL,AC,CH,89.051,161,174,151.117,153.637,-13,106.53996572192408,113.25396877054355,-6.714003048619475,-5.839350484553795,-8.2838085093206,2.382485864060527,12.590822331390484,-10.208336467329957
ZO,MH,CH,86.57300000000001,160,166,144.99,153.255,-6,110.35243809917925,108.31620501778083,2.0362330813984215,-2.772226906772319,-5.216684931539124,6.194958241315703,7.653058578627764,-1.458100337312061
JL,AC,MH,82.479,153,145,147.52,143.99,8,103.71475054229936,100.70143759983333,3.0133129424660297,3.8797754579953687,1.435317433228564,-0.44272931556419337,0.038291160680259395,-0.48102047624445277
JL,AM,PR,78.987,150,148,135.337,131.504,2,110.8344355202199,112.54410512227766,-1.7096696020577582,1.012824895235925,-1.4316331295308797,6.676955662356349,11.88095868312459,-5.204003020768241
AM,IK,PR,78.249,127,127,125.78999999999999,129.206,0,100.96192066141982,98.29264894819126,2.669271713228568,0.0,-2.4444580247668046,-3.1955591964437247,-2.37049749096181,-0.8250617054819145
AM,MH,PR,75.37,142,116,136.6,129.514,26,103.95314787701318,89.56560680698611,14.38754107002707,13.798593604882578,11.354135580115774,-0.20433198085036963,-11.097539632166956,10.893207651316587
AM,AC,ZO,75.025,122,133,116.077,126.94,-11,105.10264738061804,104.77390893335435,0.3287384472636887,-5.864711762745751,-8.309169787512555,0.9451675227544882,4.110762494201282,-3.1655949714467937
AM,AC,PR,74.22,128,109,126.117,126.053,19,101.49305803341342,86.47156354866604,15.021494484747379,10.239827539746699,7.795369514979894,-2.6644218244501303,-14.191582890487027,11.527161066036896
JL,AM,AC,69.486,124,134,122.36200000000001,121.27,-10,101.33865088834769,110.49723756906079,-9.1585866807131,-5.75655527732205,-8.201013302088855,-2.818828969515863,9.83409112990772,-12.652920099423582
AC,ZO,MH,68.994,116,109,114.898,118.02,7,100.95911155981827,92.35722758854432,8.60188397127395,4.058323912224251,1.6138658874574467,-3.198368298045281,-8.305918850608748,5.107550552563467
AC,ZO,CH,67.922,129,146,113.185,112.015,-17,113.9726995626629,130.3396866491095,-16.3669870864466,-10.01148376078443,-12.455941785551234,9.815219704799347,29.67654020995643,-19.86132050515708
AM,ZO,PR,67.533,115,102,108.004,111.085,13,106.47753786896781,91.82157807084666,14.65595979812116,7.699939288940222,5.255481264173417,2.3200580111042655,-8.841568368306412,11.161626379410677
AM,IK,ZO,65.678,101,89,105.095,105.55,12,96.10352538179743,84.32022738038845,11.78329800140898,7.308383324705381,4.863925299938576,-8.053954476066124,-16.342919058764622,8.288964582698497
JL,IK,PR,63.013999999999996,117,118,105.11,104.221,-1,111.31195890019978,113.22094395563273,-1.9089850554329502,-0.6347795727933475,-3.079237597560152,7.154479042336234,12.557797516479667,-5.403318474143433
IK,ZO,CH,62.682,106,92,106.63,108.57,14,99.4091719028416,84.73795707838262,14.671214824458986,8.933984237899237,6.489526213132432,-4.748307955021943,-15.925189360770446,11.176881405748503
IK,ZO,MH,61.052,113,98,108.63,105.75,15,104.02282978919268,92.67139479905437,11.351434990138316,9.827687872633165,7.38322984786636,-0.13465006867086515,-7.991751640098698,7.857101571427833
AM,PR,CH,52.875,79,84,85.1,84.16,-5,92.8319623971798,99.80988593155894,-6.977923534379144,-3.7825059101654848,-6.226963934932289,-11.325517460683756,-0.8532605075941291,-10.472256953089627
AC,ZO,PR,52.519,80,85,84.425,85.365,-5,94.75866153390584,99.57242429567154,-4.813762761765702,-3.808145623488642,-6.252603648255446,-9.398818323957713,-1.0907221434815284,-8.308096180476184
IK,MH,PR,50.799,108,93,95.21,86.756,15,113.43346287154712,107.19719673567245,6.236266135874672,11.811256127089116,9.366798102322312,9.275983013683572,6.534050296519382,2.7419327171641896
JL,MH,PR,50.644999999999996,110,96,98.108,87.464,14,112.1213356708933,109.7594438854843,2.361891785409,11.057360055286802,8.612902030519997,7.9638558130297525,9.096297446331235,-1.1324416333014824
AC,IK,CH,47.764,70,73,78.29,80.24000000000001,-3,89.41116362242943,90.97706879361913,-1.5659051711896979,-2.512352399296541,-4.956810424063345,-14.746316235434122,-9.686077645533942,-5.06023858990018
AC,MH,PR,44.879,79,70,86.808,79.403,9,91.00543728688599,88.15787816581236,2.8475591210736297,8.02156910804608,5.577111083279275,-13.152042570977557,-12.505268273340704,-0.6467742976368527
AM,AC,KJ,44.017,68,85,67.907,72.04,-17,100.13695200789314,117.99000555247083,-17.85305354457769,-15.4485766862803,-17.893034711047104,-4.0205278499704065,17.326859113317767,-21.347386963288173
AC,IK,MH,42.806000000000004,71,69,74.17,71.765,2,95.72603478495348,96.14714693792239,-0.42111215296890236,1.8688968836144464,-0.5755611411523582,-8.431445072910066,-4.515999501230681,-3.915445571679385
AM,ZO,KJ,41.452999999999996,61,59,64.237,66.5,2,94.96084810934508,88.7218045112782,6.2390435980668855,1.929896509299689,-0.5145615154671157,-9.19663174851847,-11.941341927874873,2.744710179356403
JL,ZO,CH,41.291,94,90,73.42,73.57000000000001,4,128.0305093979842,122.33247247519368,5.698036922790507,3.874936426824248,1.4304784020574433,23.87302954012064,21.669326036040616,2.203703504080025
AM,KJ,CH,40.217,62,68,65.605,68.05,-6,94.50499199756116,99.92652461425423,-5.421532616693071,-5.967625630952085,-8.41208365571889,-9.652487860302386,-0.7366218248988332,-8.915866035403553
ZO,MH,PR,39.254,68,50,73.738,66.77499999999999,18,92.21839485746834,74.87832272557095,17.340072131897386,18.34207978804708,15.897621763280275,-11.93908500039521,-25.784823713582114,13.845738713186904
JL,AC,PR,38.525,74,69,70.398,62.273,5,105.11662263132476,110.80243444189296,-5.685811810568197,5.191434133679429,2.746976108912625,0.9591427734612097,10.139288002739889,-9.18014522927868
JL,ZO,MH,38.141,86,67,76.933,73.84,19,111.78557966022382,90.73672806067172,21.048851599552094,19.92606381584122,17.481605791074415,7.628099802360268,-9.926418378481344,17.55451818084161
AM,IK,KJ,36.503,55,42,54.825,57.92,13,100.31919744642042,72.51381215469614,27.805385291724278,14.245404487302414,11.80094646253561,-3.8382824114431315,-28.149334284456927,24.311051873013795
IK,KJ,CH,35.957,54,44,59.225,60.53,10,91.17771211481637,72.69122749050058,18.486484624315793,11.124398587201378,8.679940562434574,-12.979767743047177,-27.971918948652487,14.99215120560531
AC,ZO,KJ,35.485,55,64,56.362,58.64,-9,97.58347823001313,109.14051841746249,-11.55704018744936,-10.145131745808088,-12.589589770574893,-6.574001627850421,8.47737197830942,-15.051373606159842
AC,KJ,CH,35.238,61,90,59.925,61.12,-29,101.79390905298288,147.25130890052355,-45.45739984754067,-32.91900788921051,-35.363465913977315,-2.3635708048806663,46.58816246137049,-48.95173326625115
JL,AC,KJ,34.17,65,78,54.455,54.99,-13,119.36461298319713,141.84397163120568,-22.479358648008542,-15.218027509511266,-17.66248553427807,15.207133125333584,41.18082519205261,-25.973692066719025
JL,AC,IK,33.173,65,63,54.68,54.980000000000004,2,118.87344550109728,114.58712259003275,4.286322911064531,2.411599795014017,-0.032858229752787516,14.71596564323373,13.923976150879682,0.7919894923540483
JL,PR,CH,32.331,45,55,46.71,47.37,-10,96.33911368015414,116.1072408697488,-19.76812718959465,-12.372026847298258,-14.816484872065063,-7.818366177709407,15.444094430595726,-23.262460608305133
IK,ZO,PR,32.303,48,48,53.84,53.31,0,89.15304606240713,90.03939223410241,-0.8863461716952798,0.0,-2.4444580247668046,-15.004433795456421,-10.623754205050659,-4.380679590405762
JL,KJ,CH,31.106,56,65,48.67,53.26,-9,115.06061228682967,122.04280886218551,-6.982196575355843,-11.573329904198546,-14.017787928965351,10.903132428966117,21.379662423032443,-10.476529994066325
IK,PR,CH,30.492,36,45,45.449999999999996,50.51,-9,79.20792079207921,89.09126905563255,-9.883348263553344,-11.806375442739078,-14.250833467505883,-24.949559065784342,-11.571877383520516,-13.377681682263827
AM,KJ,PR,30.336,48,44,43.927,47.25,4,109.27220160721195,93.12169312169311,16.15050848551884,5.274261603375527,2.829803578608723,5.114721749348405,-7.541453317459954,12.656175066808359
AC,KJ,PR,30.105,47,40,44.387,46.38,7,105.8868587649537,86.24407072013798,19.642788044815717,9.300780601229032,6.856322576462228,1.729378907090151,-14.419075719015083,16.148454626105234
JL,AM,KJ,29.966,54,62,48.485,51.92,-8,111.37465195421264,119.41448382126347,-8.039831867050836,-10.67876927184142,-13.123227296608224,7.217172096349088,18.751337382110407,-11.534165285761318
ZO,KJ,CH,29.261,55,53,53.285000000000004,48.19,2,103.21854180350942,109.98132392612577,-6.762782122616343,2.734014558627525,0.2895565338607202,-0.938938054354125,9.3181774869727,-10.257115541326826
JL,IK,KJ,27.743,38,43,37.275,47.195,-5,101.94500335345407,91.11134654094714,10.83365681250693,-7.209025700176621,-9.653483724943426,-2.21247650440948,-9.551799898205928,7.339323393796448
IK,ZO,KJ,25.625,41,25,42.910000000000004,37.92,16,95.54882311815427,65.92827004219409,29.62055307596019,24.975609756097562,22.53115173133076,-8.608656739709275,-34.73487639695898,26.126219657249706
ZO,PR,CH,25.273,40,48,37.59,36.92,-8,106.41127959563713,130.01083423618633,-23.5995546405492,-12.6617338661813,-15.106191890948105,2.2537997377735763,29.34768779703326,-27.093888059259683
AC,PR,CH,24.910999999999998,42,44,41.79,38.72,-2,100.50251256281406,113.63636363636364,-13.133851073549579,-3.2114327004134724,-5.655890725180277,-3.654967295049488,12.973217197210573,-16.62818449226006
JL,AM,ZO,24.226,52,58,44.127,46.300000000000004,-6,117.84168422961,125.26997840172784,-7.428294172117845,-9.906711797242632,-12.351169822009437,13.684204371746446,24.606831962574773,-10.922627590828327
AC,IK,KJ,22.58,36,39,35.43,35.93,-3,101.60880609652835,108.54439187308655,-6.935585776558199,-5.314437555358725,-7.75889558012553,-2.548673761335195,7.881245433933486,-10.429919195268681
JL,AC,ZO,22.483,41,42,39.133,35.06,-1,104.77090946260188,119.7946377638334,-15.023728301231529,-1.7791220032913757,-4.22358002805818,0.6134296047383287,19.13149132468034,-18.51806171994201
ZO,KJ,PR,21.86,26,27,30.267000000000003,32.58,-1,85.90213764165591,82.87292817679558,3.0292094648603296,-1.8298261665141813,-4.2742841912809855,-18.255342216207637,-17.790218262357484,-0.4651239538501528
AM,AC,IK,20.237,20,23,32.93,32.125,-3,60.734892195566346,71.59533073929961,-10.860438543733267,-5.929732667885557,-8.374190692652363,-43.422587662297204,-29.067815699853455,-14.354771962443749
AC,IK,PR,20.049,35,35,35.05,33.115,0,99.85734664764622,105.69228446323417,-5.834937815587949,0.0,-2.4444580247668046,-4.300133210217325,5.0291380240811066,-9.329271234298432
JL,ZO,PR,19.845,33,33,35.295,29.990000000000002,0,93.49766255843603,110.03667889296432,-16.539016334528284,0.0,-2.4444580247668046,-10.659817299427516,9.37353245381125,-20.033349753238767
AC,IK,ZO,18.812,31,26,33.72,33.32,5,91.93357058125741,78.031212484994,13.902358096263413,10.631511800978098,8.187053776211293,-12.223909276606136,-22.631933954159067,10.40802467755293
JL,KJ,PR,16.496,29,31,25.63,26.060000000000002,-2,113.14865392118611,118.95625479662317,-5.8076008754370605,-4.849660523763337,-7.294118548530141,8.99117406332256,18.293108357470103,-9.301934294147543
IK,KJ,PR,15.908,21,26,20.1,22.66,-5,104.4776119402985,114.73962930273609,-10.26201736243759,-12.572290671360323,-15.016748696127127,0.3201320824349523,14.076482863583024,-13.756350781148072
JL,IK,ZO,15.46,39,22,32.785,28.93,17,118.95684001830107,76.04562737642586,42.91121264187521,43.98447606727037,41.54001804250357,14.799360160437516,-24.61751906272721,39.41687922316473
JL,AM,AM7,12.615,16,31,20.607,21.86,-15,77.6435191925074,141.81152790484904,-64.16800871234165,-47.56242568370987,-50.00688370847667,-26.51396066535615,41.14838146569598,-67.66234213105213
JL,ZO,KJ,11.413,21,30,18.895,19.66,-9,111.14051336332362,152.5940996948118,-41.45358633148818,-31.542977306580216,-33.98743533134702,6.983033505460071,51.930953255658736,-44.947919750198665
AM,ZO,AM7,11.35,20,24,19.407,20.19,-4,103.05559849538825,118.87072808320951,-15.81512958782126,-14.096916299559473,-16.541374324326277,-1.1018813624752966,18.207581644056447,-19.309463006531743
